Attrition_ID,Employee_ID,Date_ID,Attrition_Status,Attrition_Status,Monthly_Income,OverTime,YearsAtCompany,YearsSinceLastPromotion,JobSatisfaction
A000001,EMP1001,D0014,No,No,44741,No,0.08,1,3
A000002,EMP1001,D0015,No,No,45325,No,0.17,1,3
A000003,EMP1001,D0016,No,No,47446,No,0.25,1,3
A000004,EMP1001,D0017,No,No,46338,No,0.33,1,3
A000005,EMP1001,D0018,No,No,49320,No,0.42,1,3
A000006,EMP1001,D0019,No,No,46907,No,0.5,1,3
A000007,EMP1001,D0020,No,No,45803,No,0.58,1,3
A000008,EMP1001,D0021,No,No,48036,No,0.67,1,3
A000009,EMP1001,D0022,No,No,48580,No,0.75,1,3
A000010,EMP1001,D0023,No,No,45308,No,0.83,1,3
A000011,EMP1001,D0024,No,No,45312,No,0.92,1,3
A000012,EMP1001,D0025,No,No,44518,No,1,3,3
A000013,EMP1001,D0026,No,No,48759,No,1.08,3,3
A000014,EMP1001,D0027,No,No,48319,No,1.17,3,3
A000015,EMP1001,D0028,No,No,47173,No,1.25,3,3
A000016,EMP1001,D0029,No,No,49413,No,1.33,3,3
A000017,EMP1001,D0030,No,No,49179,No,1.42,3,3
A000018,EMP1001,D0031,No,No,47844,No,1.5,3,3
A000019,EMP1001,D0032,No,No,49559,No,1.58,3,3
A000020,EMP1001,D0033,No,No,45543,Yes,1.67,3,3
A000021,EMP1001,D0034,No,No,44974,No,1.75,3,3
A000022,EMP1001,D0035,No,No,45931,No,1.83,3,3
A000023,EMP1001,D0036,No,No,44642,No,1.92,3,3
A000024,EMP1002,D0001,No,No,34209,No,4,0,2
A000025,EMP1002,D0002,No,No,34738,No,4.08,0,2
A000026,EMP1002,D0003,No,No,35839,No,4.17,0,2
A000027,EMP1002,D0004,No,No,34531,No,4.25,0,2
A000028,EMP1002,D0005,No,No,32163,No,4.33,0,2
A000029,EMP1002,D0006,No,No,36111,No,4.42,0,2
A000030,EMP1002,D0007,No,No,35052,No,4.5,0,2
A000031,EMP1002,D0008,No,No,34995,No,4.58,0,2
A000032,EMP1002,D0009,No,No,32976,No,4.67,0,2
A000033,EMP1002,D0010,No,No,34918,No,4.75,0,2
A000034,EMP1002,D0011,No,No,33757,No,4.83,0,2
A000035,EMP1002,D0012,No,No,34885,No,4.92,0,2
A000036,EMP1002,D0013,No,No,32497,No,5,0,4
A000037,EMP1002,D0014,No,No,34914,No,5.08,0,4
A000038,EMP1002,D0015,No,No,36411,No,5.17,0,4
A000039,EMP1002,D0016,No,No,32241,Yes,5.25,0,4
A000040,EMP1002,D0017,No,No,36313,No,5.33,0,4
A000041,EMP1002,D0018,No,No,33814,No,5.42,0,4
A000042,EMP1002,D0019,No,No,35847,No,5.5,0,4
A000043,EMP1002,D0020,No,No,35459,No,5.58,0,4
A000044,EMP1002,D0021,No,No,34515,No,5.67,0,4
A000045,EMP1002,D0022,No,No,35267,No,5.75,0,4
A000046,EMP1002,D0023,No,No,35881,No,5.83,0,4
A000047,EMP1002,D0024,No,No,33802,No,5.92,0,4
A000048,EMP1002,D0025,No,No,33464,No,6,0,2
A000049,EMP1002,D0026,No,No,34956,No,6.08,0,2
A000050,EMP1002,D0027,No,No,35571,No,6.17,0,2
A000051,EMP1002,D0028,No,No,35371,No,6.25,0,2
A000052,EMP1002,D0029,No,No,35527,No,6.33,0,2
A000053,EMP1002,D0030,No,No,33939,No,6.42,0,2
A000054,EMP1002,D0031,No,No,35615,No,6.5,0,2
A000055,EMP1002,D0032,No,No,32557,No,6.58,0,2
A000056,EMP1002,D0033,No,No,34417,No,6.67,0,2
A000057,EMP1002,D0034,No,No,32055,No,6.75,0,2
A000058,EMP1002,D0035,No,No,33453,No,6.83,0,2
A000059,EMP1002,D0036,No,No,33636,No,6.92,0,2
A000060,EMP1003,D0001,No,No,54920,No,5,0,2
A000061,EMP1003,D0002,No,No,53126,No,5.08,0,2
A000062,EMP1003,D0003,No,No,55883,No,5.17,0,2
A000063,EMP1003,D0004,No,No,54240,No,5.25,0,2
A000064,EMP1003,D0005,No,No,54442,No,5.33,0,2
A000065,EMP1003,D0006,No,No,54603,No,5.42,0,2
A000066,EMP1003,D0007,No,No,58157,No,5.5,0,2
A000067,EMP1003,D0008,No,No,56265,No,5.58,0,2
A000068,EMP1003,D0009,No,No,54631,No,5.67,0,2
A000069,EMP1003,D0010,No,No,56776,No,5.75,0,2
A000070,EMP1003,D0011,No,No,57534,No,5.83,0,2
A000071,EMP1003,D0012,No,No,54354,No,5.92,0,2
A000072,EMP1003,D0013,No,No,55364,Yes,6,1,3
A000073,EMP1003,D0014,No,No,53273,No,6.08,1,3
A000074,EMP1003,D0015,No,No,53698,No,6.17,1,3
A000075,EMP1003,D0016,No,No,57283,No,6.25,1,3
A000076,EMP1003,D0017,No,No,53700,No,6.33,1,3
A000077,EMP1003,D0018,No,No,56165,No,6.42,1,3
A000078,EMP1003,D0019,No,No,57483,No,6.5,1,3
A000079,EMP1003,D0020,No,No,53165,No,6.58,1,3
A000080,EMP1003,D0021,No,No,56467,No,6.67,1,3
A000081,EMP1003,D0022,No,No,54239,No,6.75,1,3
A000082,EMP1003,D0023,No,No,59304,No,6.83,1,3
A000083,EMP1003,D0024,No,No,55866,No,6.92,1,3
A000084,EMP1003,D0025,No,No,58178,No,7,3,3
A000085,EMP1003,D0026,No,No,56345,Yes,7.08,3,3
A000086,EMP1003,D0027,No,No,52710,No,7.17,3,3
A000087,EMP1003,D0028,No,No,56939,No,7.25,3,3
A000088,EMP1003,D0029,No,No,59221,No,7.33,3,3
A000089,EMP1003,D0030,No,No,56713,No,7.42,3,3
A000090,EMP1003,D0031,No,No,58273,No,7.5,3,3
A000091,EMP1003,D0032,No,No,58739,No,7.58,3,3
A000092,EMP1003,D0033,No,No,54035,Yes,7.67,3,3
A000093,EMP1003,D0034,No,No,53920,Yes,7.75,3,3
A000094,EMP1003,D0035,No,No,56780,No,7.83,3,3
A000095,EMP1003,D0036,No,No,55346,No,7.92,3,3
A000096,EMP1004,D0001,No,No,49622,No,2,0,4
A000097,EMP1004,D0002,No,No,48720,No,2.08,0,4
A000098,EMP1004,D0003,No,No,46841,No,2.17,0,4
A000099,EMP1004,D0004,No,No,45638,No,2.25,0,4
A000100,EMP1004,D0005,No,No,45676,No,2.33,0,4
A000101,EMP1004,D0006,No,No,50671,No,2.42,0,4
A000102,EMP1004,D0007,No,No,46332,No,2.5,0,4
A000103,EMP1004,D0008,No,No,47145,No,2.58,0,4
A000104,EMP1004,D0009,No,No,46547,No,2.67,0,4
A000105,EMP1004,D0010,No,No,47340,No,2.75,0,4
A000106,EMP1004,D0011,No,No,45576,No,2.83,0,4
A000107,EMP1004,D0012,No,No,48354,No,2.92,0,4
A000108,EMP1004,D0013,No,No,45565,No,3,3,3
A000109,EMP1004,D0014,No,No,50092,No,3.08,3,3
A000110,EMP1004,D0015,No,No,46591,No,3.17,3,3
A000111,EMP1004,D0016,No,No,48483,No,3.25,3,3
A000112,EMP1004,D0017,No,No,50584,Yes,3.33,3,3
A000113,EMP1004,D0018,No,No,49168,No,3.42,3,3
A000114,EMP1004,D0019,No,No,48440,No,3.5,3,3
A000115,EMP1004,D0020,No,No,47151,No,3.58,3,3
A000116,EMP1004,D0021,No,No,47204,No,3.67,3,3
A000117,EMP1004,D0022,No,No,49283,No,3.75,3,3
A000118,EMP1004,D0023,No,No,51289,No,3.83,3,3
A000119,EMP1004,D0024,No,No,49236,No,3.92,3,3
A000120,EMP1004,D0025,No,No,48593,Yes,4,1,3
A000121,EMP1004,D0026,No,No,49661,No,4.08,1,3
A000122,EMP1004,D0027,No,No,48021,No,4.17,1,3
A000123,EMP1004,D0028,No,No,45519,No,4.25,1,3
A000124,EMP1004,D0029,No,No,48621,No,4.33,1,3
A000125,EMP1004,D0030,No,No,51063,No,4.42,1,3
A000126,EMP1004,D0031,No,No,46230,Yes,4.5,1,3
A000127,EMP1004,D0032,No,No,49410,No,4.58,1,3
A000128,EMP1004,D0033,No,No,46388,No,4.67,1,3
A000129,EMP1004,D0034,No,No,48457,No,4.75,1,3
A000130,EMP1004,D0035,No,No,45744,No,4.83,1,3
A000131,EMP1004,D0036,No,No,47929,No,4.92,1,3
A000132,EMP1005,D0017,No,No,40759,Yes,0.33,3,4
A000133,EMP1005,D0018,No,No,42240,No,0.42,3,4
A000134,EMP1005,D0019,No,No,42018,No,0.5,3,4
A000135,EMP1005,D0020,No,No,42557,No,0.58,3,4
A000136,EMP1005,D0021,No,No,41044,No,0.67,3,4
A000137,EMP1005,D0022,No,No,45758,No,0.75,3,4
A000138,EMP1005,D0023,No,No,43632,No,0.83,3,4
A000139,EMP1005,D0024,No,No,42254,No,0.92,3,4
A000140,EMP1005,D0025,No,No,42761,Yes,1,2,3
A000141,EMP1005,D0026,No,No,43040,No,1.08,2,3
A000142,EMP1005,D0027,No,No,43891,No,1.17,2,3
A000143,EMP1005,D0028,No,No,43420,No,1.25,2,3
A000144,EMP1005,D0029,No,No,45661,No,1.33,2,3
A000145,EMP1005,D0030,No,No,43316,No,1.42,2,3
A000146,EMP1005,D0031,No,No,46065,No,1.5,2,3
A000147,EMP1005,D0032,No,No,45284,No,1.58,2,3
A000148,EMP1005,D0033,No,No,41715,No,1.67,2,3
A000149,EMP1005,D0034,No,No,45723,No,1.75,2,3
A000150,EMP1005,D0035,No,No,41204,No,1.83,2,3
A000151,EMP1005,D0036,No,No,45095,No,1.92,2,3
A000152,EMP1006,D0001,No,No,32688,No,3,1,2
A000153,EMP1006,D0002,No,No,30941,No,3.08,1,2
A000154,EMP1006,D0003,No,No,32601,No,3.17,1,2
A000155,EMP1006,D0004,No,No,32727,No,3.25,1,2
A000156,EMP1006,D0005,No,No,30678,No,3.33,1,2
A000157,EMP1006,D0006,No,No,30305,No,3.42,1,2
A000158,EMP1006,D0007,No,No,33264,No,3.5,1,2
A000159,EMP1006,D0008,No,No,31944,No,3.58,1,2
A000160,EMP1006,D0009,No,No,30292,No,3.67,1,2
A000161,EMP1006,D0010,No,No,34144,No,3.75,1,2
A000162,EMP1006,D0011,No,No,30290,No,3.83,1,2
A000163,EMP1006,D0012,No,No,32911,No,3.92,1,2
A000164,EMP1006,D0013,No,No,34098,No,4,1,4
A000165,EMP1006,D0014,No,No,31036,No,4.08,1,4
A000166,EMP1006,D0015,No,No,30638,No,4.17,1,4
A000167,EMP1006,D0016,No,No,30552,No,4.25,1,4
A000168,EMP1006,D0017,No,No,31300,No,4.33,1,4
A000169,EMP1006,D0018,No,No,30468,No,4.42,1,4
A000170,EMP1006,D0019,No,No,32899,No,4.5,1,4
A000171,EMP1006,D0020,No,No,30309,No,4.58,1,4
A000172,EMP1006,D0021,No,No,32148,No,4.67,1,4
A000173,EMP1006,D0022,No,No,34152,No,4.75,1,4
A000174,EMP1006,D0023,No,No,33400,No,4.83,1,4
A000175,EMP1006,D0024,No,No,32583,No,4.92,1,4
A000176,EMP1006,D0025,No,No,31312,No,5,0,3
A000177,EMP1006,D0026,No,No,32619,No,5.08,0,3
A000178,EMP1006,D0027,No,No,32220,No,5.17,0,3
A000179,EMP1006,D0028,No,No,31805,No,5.25,0,3
A000180,EMP1006,D0029,No,No,30590,No,5.33,0,3
A000181,EMP1006,D0030,No,No,33699,No,5.42,0,3
A000182,EMP1006,D0031,No,No,31903,No,5.5,0,3
A000183,EMP1006,D0032,No,No,30853,No,5.58,0,3
A000184,EMP1006,D0033,No,No,31565,No,5.67,0,3
A000185,EMP1006,D0034,No,No,31756,No,5.75,0,3
A000186,EMP1006,D0035,No,No,33456,No,5.83,0,3
A000187,EMP1006,D0036,No,No,33070,No,5.92,0,3
A000188,EMP1007,D0001,No,No,56417,No,2,2,2
A000189,EMP1007,D0002,No,No,60790,No,2.08,2,2
A000190,EMP1007,D0003,No,No,54804,No,2.17,2,2
A000191,EMP1007,D0004,No,No,61245,No,2.25,2,2
A000192,EMP1007,D0005,No,No,57960,No,2.33,2,2
A000193,EMP1007,D0006,No,No,59271,No,2.42,2,2
A000194,EMP1007,D0007,No,No,59436,Yes,2.5,2,2
A000195,EMP1007,D0008,No,No,61195,Yes,2.58,2,2
A000196,EMP1007,D0009,No,No,59267,No,2.67,2,2
A000197,EMP1007,D0010,No,No,59097,No,2.75,2,2
A000198,EMP1007,D0011,No,No,55015,No,2.83,2,2
A000199,EMP1007,D0012,No,No,58385,No,2.92,2,2
A000200,EMP1007,D0013,No,No,55638,No,3,0,2
A000201,EMP1007,D0014,No,No,60019,No,3.08,0,2
A000202,EMP1007,D0015,No,No,58339,No,3.17,0,2
A000203,EMP1007,D0016,No,No,59592,No,3.25,0,2
A000204,EMP1007,D0017,No,No,54828,Yes,3.33,0,2
A000205,EMP1007,D0018,No,No,55150,No,3.42,0,2
A000206,EMP1007,D0019,No,No,59861,No,3.5,0,2
A000207,EMP1007,D0020,No,No,55055,No,3.58,0,2
A000208,EMP1007,D0021,No,No,55049,No,3.67,0,2
A000209,EMP1007,D0022,No,No,54608,No,3.75,0,2
A000210,EMP1007,D0023,No,No,61653,No,3.83,0,2
A000211,EMP1007,D0024,No,No,60019,Yes,3.92,0,2
A000212,EMP1007,D0025,No,No,57153,No,4,0,2
A000213,EMP1007,D0026,No,No,56730,No,4.08,0,2
A000214,EMP1007,D0027,No,No,57126,No,4.17,0,2
A000215,EMP1007,D0028,No,No,60296,No,4.25,0,2
A000216,EMP1007,D0029,No,No,59451,No,4.33,0,2
A000217,EMP1007,D0030,No,No,55899,No,4.42,0,2
A000218,EMP1007,D0031,No,No,55816,No,4.5,0,2
A000219,EMP1007,D0032,No,No,55251,No,4.58,0,2
A000220,EMP1007,D0033,No,No,59443,Yes,4.67,0,2
A000221,EMP1007,D0034,No,No,60220,No,4.75,0,2
A000222,EMP1007,D0035,No,No,56495,Yes,4.83,0,2
A000223,EMP1007,D0036,No,No,54674,No,4.92,0,2
A000224,EMP1008,D0001,No,No,51399,No,1,0,3
A000225,EMP1008,D0002,No,No,54987,No,1.08,0,3
A000226,EMP1008,D0003,No,No,55294,No,1.17,0,3
A000227,EMP1008,D0004,No,No,55194,No,1.25,0,3
A000228,EMP1008,D0005,No,No,55684,No,1.33,0,3
A000229,EMP1008,D0006,No,No,51171,No,1.42,0,3
A000230,EMP1008,D0007,No,No,54575,No,1.5,0,3
A000231,EMP1008,D0008,No,No,52581,No,1.58,0,3
A000232,EMP1008,D0009,No,No,55163,No,1.67,0,3
A000233,EMP1008,D0010,No,No,54395,No,1.75,0,3
A000234,EMP1008,D0011,No,No,54719,No,1.83,0,3
A000235,EMP1008,D0012,No,No,53905,No,1.92,0,3
A000236,EMP1008,D0013,No,No,50665,Yes,2,1,4
A000237,EMP1008,D0014,No,No,53153,No,2.08,1,4
A000238,EMP1008,D0015,No,No,56129,No,2.17,1,4
A000239,EMP1008,D0016,No,No,55809,No,2.25,1,4
A000240,EMP1008,D0017,No,No,49756,No,2.33,1,4
A000241,EMP1008,D0018,No,No,50579,No,2.42,1,4
A000242,EMP1008,D0019,No,No,50355,No,2.5,1,4
A000243,EMP1008,D0020,No,No,54378,No,2.58,1,4
A000244,EMP1008,D0021,No,No,54999,No,2.67,1,4
A000245,EMP1008,D0022,No,No,50909,No,2.75,1,4
A000246,EMP1008,D0023,No,No,52888,No,2.83,1,4
A000247,EMP1008,D0024,No,No,55154,No,2.92,1,4
A000248,EMP1008,D0025,No,No,54424,No,3,0,3
A000249,EMP1008,D0026,No,No,53134,No,3.08,0,3
A000250,EMP1008,D0027,No,No,53460,No,3.17,0,3
A000251,EMP1008,D0028,No,No,52905,No,3.25,0,3
A000252,EMP1008,D0029,No,No,51478,No,3.33,0,3
A000253,EMP1008,D0030,No,No,53288,No,3.42,0,3
A000254,EMP1008,D0031,No,No,54127,No,3.5,0,3
A000255,EMP1008,D0032,No,No,55375,No,3.58,0,3
A000256,EMP1008,D0033,No,No,53771,No,3.67,0,3
A000257,EMP1008,D0034,No,No,54616,No,3.75,0,3
A000258,EMP1008,D0035,No,No,50547,No,3.83,0,3
A000259,EMP1008,D0036,No,No,52588,No,3.92,0,3
A000260,EMP1009,D0001,No,No,26421,No,2,1,1
A000261,EMP1009,D0002,No,No,25540,No,2.08,1,1
A000262,EMP1009,D0003,No,No,27003,No,2.17,1,1
A000263,EMP1009,D0004,No,No,24666,No,2.25,1,1
A000264,EMP1009,D0005,No,No,26316,No,2.33,1,1
A000265,EMP1009,D0006,No,No,25959,No,2.42,1,1
A000266,EMP1009,D0007,No,No,26496,No,2.5,1,1
A000267,EMP1009,D0008,No,No,24572,Yes,2.58,1,1
A000268,EMP1009,D0009,No,No,26289,Yes,2.67,1,1
A000269,EMP1009,D0010,No,No,26227,No,2.75,1,1
A000270,EMP1009,D0011,No,No,26224,No,2.83,1,1
A000271,EMP1009,D0012,No,No,26367,No,2.92,1,1
A000272,EMP1009,D0013,No,No,26610,No,3,1,3
A000273,EMP1009,D0014,No,No,27039,No,3.08,1,3
A000274,EMP1009,D0015,No,No,25255,No,3.17,1,3
A000275,EMP1009,D0016,No,No,27105,No,3.25,1,3
A000276,EMP1009,D0017,No,No,26016,No,3.33,1,3
A000277,EMP1009,D0018,No,No,24612,No,3.42,1,3
A000278,EMP1009,D0019,No,No,24551,No,3.5,1,3
A000279,EMP1009,D0020,No,No,25470,No,3.58,1,3
A000280,EMP1009,D0021,No,No,26972,No,3.67,1,3
A000281,EMP1009,D0022,No,No,26714,No,3.75,1,3
A000282,EMP1009,D0023,No,No,26984,No,3.83,1,3
A000283,EMP1009,D0024,No,No,26080,Yes,3.92,1,3
A000284,EMP1009,D0025,No,No,25823,Yes,4,0,3
A000285,EMP1009,D0026,No,No,24847,No,4.08,0,3
A000286,EMP1009,D0027,No,No,25449,No,4.17,0,3
A000287,EMP1009,D0028,No,No,25802,No,4.25,0,3
A000288,EMP1009,D0029,No,No,24651,No,4.33,0,3
A000289,EMP1009,D0030,No,No,25091,No,4.42,0,3
A000290,EMP1009,D0031,No,No,26349,No,4.5,0,3
A000291,EMP1009,D0032,No,No,26808,No,4.58,0,3
A000292,EMP1009,D0033,No,No,27683,No,4.67,0,3
A000293,EMP1009,D0034,No,No,27466,No,4.75,0,3
A000294,EMP1009,D0035,No,No,26497,No,4.83,0,3
A000295,EMP1009,D0036,No,No,25760,No,4.92,0,3
A000296,EMP1010,D0003,No,No,33735,No,0.17,1,2
A000297,EMP1010,D0004,No,No,31712,No,0.25,1,2
A000298,EMP1010,D0005,No,No,34337,No,0.33,1,2
A000299,EMP1010,D0006,No,No,33935,No,0.42,1,2
A000300,EMP1010,D0007,No,No,35211,No,0.5,1,2
A000301,EMP1010,D0008,No,No,31429,No,0.58,1,2
A000302,EMP1010,D0009,No,No,31379,No,0.67,1,2
A000303,EMP1010,D0010,No,No,32338,No,0.75,1,2
A000304,EMP1010,D0011,No,No,32250,No,0.83,1,2
A000305,EMP1010,D0012,No,No,32188,No,0.92,1,2
A000306,EMP1010,D0013,No,No,34997,No,1,0,2
A000307,EMP1010,D0014,No,No,32199,No,1.08,0,2
A000308,EMP1010,D0015,No,No,32294,No,1.17,0,2
A000309,EMP1010,D0016,No,No,34371,No,1.25,0,2
A000310,EMP1010,D0017,No,No,33052,No,1.33,0,2
A000311,EMP1010,D0018,No,No,34445,No,1.42,0,2
A000312,EMP1010,D0019,No,No,31414,Yes,1.5,0,2
A000313,EMP1010,D0020,No,No,33213,No,1.58,0,2
A000314,EMP1010,D0021,No,No,31279,No,1.67,0,2
A000315,EMP1010,D0022,No,No,31402,No,1.75,0,2
A000316,EMP1010,D0023,No,No,34997,No,1.83,0,2
A000317,EMP1010,D0024,No,No,31729,No,1.92,0,2
A000318,EMP1010,D0025,No,No,33404,No,2,2,3
A000319,EMP1010,D0026,No,No,32887,No,2.08,2,3
A000320,EMP1010,D0027,No,No,32615,No,2.17,2,3
A000321,EMP1010,D0028,No,No,34969,No,2.25,2,3
A000322,EMP1010,D0029,No,No,31228,No,2.33,2,3
A000323,EMP1010,D0030,No,No,33964,No,2.42,2,3
A000324,EMP1010,D0031,No,No,35240,No,2.5,2,3
A000325,EMP1010,D0032,No,No,33522,No,2.58,2,3
A000326,EMP1010,D0033,No,No,35127,Yes,2.67,2,3
A000327,EMP1010,D0034,No,No,31358,No,2.75,2,3
A000328,EMP1010,D0035,No,No,32920,No,2.83,2,3
A000329,EMP1010,D0036,No,No,32244,Yes,2.92,2,3
A000330,EMP1011,D0031,No,No,40740,No,0.5,1,3
A000331,EMP1011,D0032,No,No,43403,No,0.58,1,3
A000332,EMP1011,D0033,No,No,41498,No,0.67,1,3
A000333,EMP1011,D0034,No,No,40140,No,0.75,1,3
A000334,EMP1011,D0035,No,No,38906,No,0.83,1,3
A000335,EMP1011,D0036,No,No,39100,No,0.92,1,3
A000336,EMP1012,D0001,No,No,41773,No,5,1,3
A000337,EMP1012,D0002,No,No,41727,No,5.08,1,3
A000338,EMP1012,D0003,No,No,38504,No,5.17,1,3
A000339,EMP1012,D0004,No,No,39588,No,5.25,1,3
A000340,EMP1012,D0005,No,No,42311,No,5.33,1,3
A000341,EMP1012,D0006,No,No,41225,No,5.42,1,3
A000342,EMP1012,D0007,No,No,37424,No,5.5,1,3
A000343,EMP1012,D0008,No,No,37618,Yes,5.58,1,3
A000344,EMP1012,D0009,No,No,39653,No,5.67,1,3
A000345,EMP1012,D0010,No,No,41925,No,5.75,1,3
A000346,EMP1012,D0011,No,No,40034,No,5.83,1,3
A000347,EMP1012,D0012,No,No,39825,No,5.92,1,3
A000348,EMP1012,D0013,No,No,37824,No,6,1,1
A000349,EMP1012,D0014,No,No,40637,No,6.08,1,1
A000350,EMP1012,D0015,No,No,41480,No,6.17,1,1
A000351,EMP1012,D0016,No,No,39227,No,6.25,1,1
A000352,EMP1012,D0017,No,No,41243,No,6.33,1,1
A000353,EMP1012,D0018,No,No,42207,No,6.42,1,1
A000354,EMP1012,D0019,No,No,38325,No,6.5,1,1
A000355,EMP1012,D0020,No,No,39956,No,6.58,1,1
A000356,EMP1012,D0021,No,No,38751,No,6.67,1,1
A000357,EMP1012,D0022,No,No,41331,No,6.75,1,1
A000358,EMP1012,D0023,No,No,40233,No,6.83,1,1
A000359,EMP1012,D0024,No,No,40523,No,6.92,1,1
A000360,EMP1012,D0025,No,No,41357,No,7,0,2
A000361,EMP1012,D0026,No,No,39306,No,7.08,0,2
A000362,EMP1012,D0027,No,No,41955,No,7.17,0,2
A000363,EMP1012,D0028,No,No,40005,No,7.25,0,2
A000364,EMP1012,D0029,No,No,38091,No,7.33,0,2
A000365,EMP1012,D0030,No,No,40836,No,7.42,0,2
A000366,EMP1012,D0031,No,No,41333,No,7.5,0,2
A000367,EMP1012,D0032,No,No,38902,No,7.58,0,2
A000368,EMP1012,D0033,No,No,41659,No,7.67,0,2
A000369,EMP1012,D0034,No,No,41909,No,7.75,0,2
A000370,EMP1012,D0035,No,No,38698,No,7.83,0,2
A000371,EMP1012,D0036,No,No,42304,No,7.92,0,2
A000372,EMP1013,D0001,No,No,68759,No,7,3,4
A000373,EMP1013,D0002,No,No,67861,No,7.08,3,4
A000374,EMP1013,D0003,No,No,69069,Yes,7.17,3,4
A000375,EMP1013,D0004,No,No,72026,No,7.25,3,4
A000376,EMP1013,D0005,No,No,67661,No,7.33,3,4
A000377,EMP1013,D0006,No,No,66232,No,7.42,3,4
A000378,EMP1013,D0007,No,No,70997,No,7.5,3,4
A000379,EMP1013,D0008,No,No,72006,No,7.58,3,4
A000380,EMP1013,D0009,No,No,65585,No,7.67,3,4
A000381,EMP1013,D0010,No,No,66817,No,7.75,3,4
A000382,EMP1013,D0011,No,No,65950,No,7.83,3,4
A000383,EMP1013,D0012,No,No,67774,No,7.92,3,4
A000384,EMP1013,D0013,No,No,68681,No,8,1,3
A000385,EMP1013,D0014,No,No,71323,No,8.08,1,3
A000386,EMP1013,D0015,No,No,70458,No,8.17,1,3
A000387,EMP1013,D0016,No,No,70191,No,8.25,1,3
A000388,EMP1013,D0017,No,No,67813,No,8.33,1,3
A000389,EMP1013,D0018,No,No,72143,No,8.42,1,3
A000390,EMP1013,D0019,No,No,68866,No,8.5,1,3
A000391,EMP1013,D0020,No,No,73362,No,8.58,1,3
A000392,EMP1013,D0021,No,No,70308,No,8.67,1,3
A000393,EMP1013,D0022,No,No,65811,No,8.75,1,3
A000394,EMP1013,D0023,No,No,70680,No,8.83,1,3
A000395,EMP1013,D0024,No,No,67572,No,8.92,1,3
A000396,EMP1013,D0025,No,No,70770,Yes,9,1,2
A000397,EMP1013,D0026,No,No,65310,Yes,9.08,1,2
A000398,EMP1013,D0027,No,No,66242,No,9.17,1,2
A000399,EMP1013,D0028,No,No,72269,No,9.25,1,2
A000400,EMP1013,D0029,No,No,66705,No,9.33,1,2
A000401,EMP1013,D0030,No,No,72104,No,9.42,1,2
A000402,EMP1013,D0031,No,No,67166,No,9.5,1,2
A000403,EMP1013,D0032,No,No,70385,No,9.58,1,2
A000404,EMP1013,D0033,No,No,70839,No,9.67,1,2
A000405,EMP1013,D0034,No,No,69232,No,9.75,1,2
A000406,EMP1013,D0035,No,No,67397,No,9.83,1,2
A000407,EMP1013,D0036,No,No,66576,No,9.92,1,2
A000408,EMP1014,D0001,No,No,49393,No,0,0,4
A000409,EMP1014,D0002,No,No,44803,No,0.08,0,4
A000410,EMP1014,D0003,No,No,48372,No,0.17,0,4
A000411,EMP1014,D0004,No,No,47388,No,0.25,0,4
A000412,EMP1014,D0005,No,No,44706,No,0.33,0,4
A000413,EMP1014,D0006,No,No,45584,Yes,0.42,0,4
A000414,EMP1014,D0007,No,No,44198,No,0.5,0,4
A000415,EMP1014,D0008,No,No,46954,No,0.58,0,4
A000416,EMP1014,D0009,No,No,45943,No,0.67,0,4
A000417,EMP1014,D0010,No,No,47736,No,0.75,0,4
A000418,EMP1014,D0011,No,No,45918,No,0.83,0,4
A000419,EMP1014,D0012,No,No,45934,No,0.92,0,4
A000420,EMP1014,D0013,No,No,48611,No,1,2,3
A000421,EMP1014,D0014,No,No,44414,No,1.08,2,3
A000422,EMP1014,D0015,No,No,49575,No,1.17,2,3
A000423,EMP1014,D0016,No,No,49270,No,1.25,2,3
A000424,EMP1014,D0017,No,No,48156,No,1.33,2,3
A000425,EMP1014,D0018,No,No,47705,No,1.42,2,3
A000426,EMP1014,D0019,No,No,49511,No,1.5,2,3
A000427,EMP1014,D0020,No,No,45243,No,1.58,2,3
A000428,EMP1014,D0021,No,No,44600,No,1.67,2,3
A000429,EMP1014,D0022,No,No,45570,No,1.75,2,3
A000430,EMP1014,D0023,No,No,48921,No,1.83,2,3
A000431,EMP1014,D0024,No,No,44333,Yes,1.92,2,3
A000432,EMP1014,D0025,No,No,47643,No,2,0,1
A000433,EMP1014,D0026,No,No,50134,No,2.08,0,1
A000434,EMP1014,D0027,No,No,49290,No,2.17,0,1
A000435,EMP1014,D0028,No,No,47272,No,2.25,0,1
A000436,EMP1014,D0029,No,No,44508,No,2.33,0,1
A000437,EMP1014,D0030,No,No,49143,No,2.42,0,1
A000438,EMP1014,D0031,No,No,47740,No,2.5,0,1
A000439,EMP1014,D0032,No,No,44817,No,2.58,0,1
A000440,EMP1014,D0033,No,No,44690,No,2.67,0,1
A000441,EMP1014,D0034,No,No,49616,No,2.75,0,1
A000442,EMP1014,D0035,No,No,48164,No,2.83,0,1
A000443,EMP1014,D0036,No,No,49131,No,2.92,0,1
A000444,EMP1015,D0022,No,No,34043,No,0.75,0,2
A000445,EMP1015,D0023,No,No,32266,Yes,0.83,0,2
A000446,EMP1015,D0024,No,No,33487,No,0.92,0,2
A000447,EMP1015,D0025,No,No,33936,No,1,3,3
A000448,EMP1015,D0026,No,No,34652,No,1.08,3,3
A000449,EMP1015,D0027,No,No,35951,No,1.17,3,3
A000450,EMP1015,D0028,No,No,34427,No,1.25,3,3
A000451,EMP1015,D0029,No,No,35050,No,1.33,3,3
A000452,EMP1015,D0030,No,No,34017,No,1.42,3,3
A000453,EMP1015,D0031,No,No,34573,Yes,1.5,3,3
A000454,EMP1015,D0032,No,No,32121,No,1.58,3,3
A000455,EMP1015,D0033,No,No,32920,Yes,1.67,3,3
A000456,EMP1015,D0034,No,No,33388,No,1.75,3,3
A000457,EMP1015,D0035,No,No,33870,No,1.83,3,3
A000458,EMP1015,D0036,No,No,32011,No,1.92,3,3
A000459,EMP1016,D0001,No,No,39632,No,6,2,3
A000460,EMP1016,D0002,No,No,38698,No,6.08,2,3
A000461,EMP1016,D0003,No,No,38186,No,6.17,2,3
A000462,EMP1016,D0004,No,No,36746,Yes,6.25,2,3
A000463,EMP1016,D0005,No,No,39227,No,6.33,2,3
A000464,EMP1016,D0006,No,No,39861,No,6.42,2,3
A000465,EMP1016,D0007,No,No,39215,No,6.5,2,3
A000466,EMP1016,D0008,No,No,35261,No,6.58,2,3
A000467,EMP1016,D0009,No,No,38323,No,6.67,2,3
A000468,EMP1016,D0010,No,No,35500,No,6.75,2,3
A000469,EMP1016,D0011,No,No,36496,No,6.83,2,3
A000470,EMP1016,D0012,No,No,35540,No,6.92,2,3
A000471,EMP1016,D0013,No,No,38166,No,7,2,3
A000472,EMP1016,D0014,No,No,38566,No,7.08,2,3
A000473,EMP1016,D0015,No,No,35806,No,7.17,2,3
A000474,EMP1016,D0016,No,No,37105,No,7.25,2,3
A000475,EMP1016,D0017,No,No,37454,No,7.33,2,3
A000476,EMP1016,D0018,No,No,37034,No,7.42,2,3
A000477,EMP1016,D0019,No,No,35837,No,7.5,2,3
A000478,EMP1016,D0020,No,No,37274,No,7.58,2,3
A000479,EMP1016,D0021,No,No,38877,No,7.67,2,3
A000480,EMP1016,D0022,No,No,35596,No,7.75,2,3
A000481,EMP1016,D0023,No,No,35640,No,7.83,2,3
A000482,EMP1016,D0024,No,No,36965,Yes,7.92,2,3
A000483,EMP1016,D0025,No,No,39796,No,8,3,3
A000484,EMP1016,D0026,No,No,38479,No,8.08,3,3
A000485,EMP1016,D0027,No,No,38527,No,8.17,3,3
A000486,EMP1016,D0028,No,No,36999,No,8.25,3,3
A000487,EMP1016,D0029,No,No,38117,No,8.33,3,3
A000488,EMP1016,D0030,No,No,35302,No,8.42,3,3
A000489,EMP1016,D0031,No,No,38322,No,8.5,3,3
A000490,EMP1016,D0032,No,No,39659,No,8.58,3,3
A000491,EMP1016,D0033,No,No,38208,Yes,8.67,3,3
A000492,EMP1016,D0034,No,No,39468,No,8.75,3,3
A000493,EMP1016,D0035,No,No,38746,No,8.83,3,3
A000494,EMP1016,D0036,No,No,35835,No,8.92,3,3
A000495,EMP1017,D0001,No,No,38215,No,6,3,3
A000496,EMP1017,D0002,No,No,36793,No,6.08,3,3
A000497,EMP1017,D0003,No,No,40485,No,6.17,3,3
A000498,EMP1017,D0004,No,No,37797,No,6.25,3,3
A000499,EMP1017,D0005,No,No,36852,No,6.33,3,3
A000500,EMP1017,D0006,No,No,36215,No,6.42,3,3
A000501,EMP1017,D0007,No,No,39279,No,6.5,3,3
A000502,EMP1017,D0008,No,No,39235,No,6.58,3,3
A000503,EMP1017,D0009,No,No,37771,No,6.67,3,3
A000504,EMP1017,D0010,No,No,36443,No,6.75,3,3
A000505,EMP1017,D0011,No,No,38112,No,6.83,3,3
A000506,EMP1017,D0012,No,No,37626,No,6.92,3,3
A000507,EMP1017,D0013,No,No,39433,No,7,3,1
A000508,EMP1017,D0014,No,No,39081,No,7.08,3,1
A000509,EMP1017,D0015,No,No,37890,No,7.17,3,1
A000510,EMP1017,D0016,No,No,37165,No,7.25,3,1
A000511,EMP1017,D0017,No,No,40969,No,7.33,3,1
A000512,EMP1017,D0018,No,No,38331,Yes,7.42,3,1
A000513,EMP1017,D0019,No,No,39488,No,7.5,3,1
A000514,EMP1017,D0020,No,No,36783,No,7.58,3,1
A000515,EMP1017,D0021,No,No,38487,No,7.67,3,1
A000516,EMP1017,D0022,No,No,36225,No,7.75,3,1
A000517,EMP1017,D0023,No,No,38585,No,7.83,3,1
A000518,EMP1017,D0024,No,No,40850,No,7.92,3,1
A000519,EMP1017,D0025,No,No,37987,Yes,8,0,3
A000520,EMP1017,D0026,No,No,36282,No,8.08,0,3
A000521,EMP1017,D0027,No,No,36242,No,8.17,0,3
A000522,EMP1017,D0028,No,No,38005,No,8.25,0,3
A000523,EMP1017,D0029,No,No,36879,No,8.33,0,3
A000524,EMP1017,D0030,No,No,36204,No,8.42,0,3
A000525,EMP1017,D0031,No,No,39824,No,8.5,0,3
A000526,EMP1017,D0032,No,No,38354,No,8.58,0,3
A000527,EMP1017,D0033,No,No,37518,No,8.67,0,3
A000528,EMP1017,D0034,No,No,40534,No,8.75,0,3
A000529,EMP1017,D0035,No,No,36663,No,8.83,0,3
A000530,EMP1017,D0036,No,No,40810,No,8.92,0,3
A000531,EMP1018,D0001,No,No,44520,No,1,2,2
A000532,EMP1018,D0002,No,No,42166,No,1.08,2,2
A000533,EMP1018,D0003,No,No,43254,No,1.17,2,2
A000534,EMP1018,D0004,No,No,41257,No,1.25,2,2
A000535,EMP1018,D0005,No,No,43706,No,1.33,2,2
A000536,EMP1018,D0006,No,No,44085,No,1.42,2,2
A000537,EMP1018,D0007,No,No,42314,No,1.5,2,2
A000538,EMP1018,D0008,No,No,46449,No,1.58,2,2
A000539,EMP1018,D0009,No,No,46142,No,1.67,2,2
A000540,EMP1018,D0010,No,No,45090,No,1.75,2,2
A000541,EMP1018,D0011,No,No,44030,No,1.83,2,2
A000542,EMP1018,D0012,No,No,45920,No,1.92,2,2
A000543,EMP1018,D0013,No,No,41769,Yes,2,1,4
A000544,EMP1018,D0014,No,No,45474,No,2.08,1,4
A000545,EMP1018,D0015,No,No,41736,No,2.17,1,4
A000546,EMP1018,D0016,No,No,45495,No,2.25,1,4
A000547,EMP1018,D0017,No,No,42584,No,2.33,1,4
A000548,EMP1018,D0018,No,No,45960,No,2.42,1,4
A000549,EMP1018,D0019,No,No,46336,No,2.5,1,4
A000550,EMP1018,D0020,No,No,41871,No,2.58,1,4
A000551,EMP1018,D0021,No,No,43633,No,2.67,1,4
A000552,EMP1018,D0022,No,No,46544,No,2.75,1,4
A000553,EMP1018,D0023,No,No,43750,No,2.83,1,4
A000554,EMP1018,D0024,No,No,45884,Yes,2.92,1,4
A000555,EMP1018,D0025,No,No,44341,No,3,1,2
A000556,EMP1018,D0026,No,No,43143,No,3.08,1,2
A000557,EMP1018,D0027,No,No,42640,No,3.17,1,2
A000558,EMP1018,D0028,No,No,42176,No,3.25,1,2
A000559,EMP1018,D0029,No,No,45313,No,3.33,1,2
A000560,EMP1018,D0030,No,No,43206,No,3.42,1,2
A000561,EMP1018,D0031,No,No,43906,No,3.5,1,2
A000562,EMP1018,D0032,No,No,43800,No,3.58,1,2
A000563,EMP1018,D0033,No,No,44277,No,3.67,1,2
A000564,EMP1018,D0034,No,No,45896,No,3.75,1,2
A000565,EMP1018,D0035,No,No,46542,No,3.83,1,2
A000566,EMP1018,D0036,No,No,43324,No,3.92,1,2
A000567,EMP1019,D0002,No,No,51523,No,0.08,2,3
A000568,EMP1019,D0003,No,No,50930,No,0.17,2,3
A000569,EMP1019,D0004,No,No,47148,No,0.25,2,3
A000570,EMP1019,D0005,No,No,51012,No,0.33,2,3
A000571,EMP1019,D0006,No,No,51110,No,0.42,2,3
A000572,EMP1019,D0007,No,No,50412,No,0.5,2,3
A000573,EMP1019,D0008,No,No,51092,No,0.58,2,3
A000574,EMP1019,D0009,No,No,51598,No,0.67,2,3
A000575,EMP1019,D0010,No,No,50127,No,0.75,2,3
A000576,EMP1019,D0011,No,No,46805,No,0.83,2,3
A000577,EMP1019,D0012,No,No,49330,No,0.92,2,3
A000578,EMP1019,D0013,No,No,46736,No,1,3,2
A000579,EMP1019,D0014,No,No,48823,No,1.08,3,2
A000580,EMP1019,D0015,No,No,48821,No,1.17,3,2
A000581,EMP1019,D0016,No,No,46662,No,1.25,3,2
A000582,EMP1019,D0017,No,No,48452,No,1.33,3,2
A000583,EMP1019,D0018,No,No,46947,Yes,1.42,3,2
A000584,EMP1019,D0019,No,No,51359,No,1.5,3,2
A000585,EMP1019,D0020,No,No,52242,No,1.58,3,2
A000586,EMP1019,D0021,No,No,46702,No,1.67,3,2
A000587,EMP1019,D0022,No,No,52289,No,1.75,3,2
A000588,EMP1019,D0023,No,No,49551,No,1.83,3,2
A000589,EMP1019,D0024,No,No,48140,No,1.92,3,2
A000590,EMP1019,D0025,No,No,46731,Yes,2,3,2
A000591,EMP1019,D0026,No,No,49412,No,2.08,3,2
A000592,EMP1019,D0027,No,No,51272,No,2.17,3,2
A000593,EMP1019,D0028,No,No,50719,No,2.25,3,2
A000594,EMP1019,D0029,No,No,46562,No,2.33,3,2
A000595,EMP1019,D0030,No,No,46706,No,2.42,3,2
A000596,EMP1019,D0031,No,No,48794,No,2.5,3,2
A000597,EMP1019,D0032,No,No,48113,No,2.58,3,2
A000598,EMP1019,D0033,No,No,47715,No,2.67,3,2
A000599,EMP1019,D0034,No,No,48023,No,2.75,3,2
A000600,EMP1019,D0035,No,No,51329,No,2.83,3,2
A000601,EMP1019,D0036,No,No,52125,No,2.92,3,2
A000602,EMP1020,D0001,No,No,32090,No,7,2,3
A000603,EMP1020,D0002,No,No,33090,No,7.08,2,3
A000604,EMP1020,D0003,No,No,34970,No,7.17,2,3
A000605,EMP1020,D0004,No,No,32159,No,7.25,2,3
A000606,EMP1020,D0005,No,No,35548,No,7.33,2,3
A000607,EMP1020,D0006,No,No,31902,No,7.42,2,3
A000608,EMP1020,D0007,No,No,32962,No,7.5,2,3
A000609,EMP1020,D0008,No,No,35118,No,7.58,2,3
A000610,EMP1020,D0009,No,No,33265,No,7.67,2,3
A000611,EMP1020,D0010,No,No,32330,No,7.75,2,3
A000612,EMP1020,D0011,No,No,33457,Yes,7.83,2,3
A000613,EMP1020,D0012,No,No,33065,No,7.92,2,3
A000614,EMP1020,D0013,No,No,35562,No,8,1,2
A000615,EMP1020,D0014,No,No,33253,Yes,8.08,1,2
A000616,EMP1020,D0015,No,No,35328,No,8.17,1,2
A000617,EMP1020,D0016,No,No,35777,No,8.25,1,2
A000618,EMP1020,D0017,No,No,33778,No,8.33,1,2
A000619,EMP1020,D0018,No,No,35856,No,8.42,1,2
A000620,EMP1020,D0019,No,No,33532,No,8.5,1,2
A000621,EMP1020,D0020,No,No,36092,No,8.58,1,2
A000622,EMP1020,D0021,No,No,32275,No,8.67,1,2
A000623,EMP1020,D0022,No,No,34883,No,8.75,1,2
A000624,EMP1020,D0023,No,No,34040,No,8.83,1,2
A000625,EMP1020,D0024,No,No,33577,No,8.92,1,2
A000626,EMP1020,D0025,No,No,34646,No,9,0,4
A000627,EMP1020,D0026,No,No,34956,No,9.08,0,4
A000628,EMP1020,D0027,No,No,31904,No,9.17,0,4
A000629,EMP1020,D0028,No,No,32614,No,9.25,0,4
A000630,EMP1020,D0029,No,No,34997,No,9.33,0,4
A000631,EMP1020,D0030,No,No,34793,No,9.42,0,4
A000632,EMP1020,D0031,No,No,36100,No,9.5,0,4
A000633,EMP1020,D0032,No,No,35206,No,9.58,0,4
A000634,EMP1020,D0033,No,No,36034,No,9.67,0,4
A000635,EMP1020,D0034,No,No,34951,No,9.75,0,4
A000636,EMP1020,D0035,No,No,33186,No,9.83,0,4
A000637,EMP1020,D0036,No,No,32345,No,9.92,0,4
A000638,EMP1021,D0001,No,No,48342,Yes,5,3,1
A000639,EMP1021,D0002,No,No,50977,No,5.08,3,1
A000640,EMP1021,D0003,No,No,49359,No,5.17,3,1
A000641,EMP1021,D0004,No,No,53059,No,5.25,3,1
A000642,EMP1021,D0005,No,No,47711,No,5.33,3,1
A000643,EMP1021,D0006,No,No,50086,No,5.42,3,1
A000644,EMP1021,D0007,No,No,49814,No,5.5,3,1
A000645,EMP1021,D0008,No,No,47741,No,5.58,3,1
A000646,EMP1021,D0009,No,No,48426,No,5.67,3,1
A000647,EMP1021,D0010,No,No,50311,No,5.75,3,1
A000648,EMP1021,D0011,No,No,50827,No,5.83,3,1
A000649,EMP1021,D0012,No,No,50250,No,5.92,3,1
A000650,EMP1021,D0013,No,No,51075,No,6,3,4
A000651,EMP1021,D0014,No,No,51493,Yes,6.08,3,4
A000652,EMP1021,D0015,No,No,47680,No,6.17,3,4
A000653,EMP1021,D0016,No,No,50639,No,6.25,3,4
A000654,EMP1021,D0017,No,No,53894,No,6.33,3,4
A000655,EMP1021,D0018,No,No,50997,No,6.42,3,4
A000656,EMP1021,D0019,No,No,52030,No,6.5,3,4
A000657,EMP1021,D0020,No,No,49648,No,6.58,3,4
A000658,EMP1021,D0021,No,No,52659,Yes,6.67,3,4
A000659,EMP1021,D0022,No,No,52652,No,6.75,3,4
A000660,EMP1021,D0023,No,No,51012,No,6.83,3,4
A000661,EMP1021,D0024,No,No,53975,No,6.92,3,4
A000662,EMP1021,D0025,No,No,48434,No,7,3,5
A000663,EMP1021,D0026,No,No,47726,No,7.08,3,5
A000664,EMP1021,D0027,No,No,52634,No,7.17,3,5
A000665,EMP1021,D0028,No,No,52875,No,7.25,3,5
A000666,EMP1021,D0029,No,No,48399,No,7.33,3,5
A000667,EMP1021,D0030,No,No,49346,No,7.42,3,5
A000668,EMP1021,D0031,No,No,47730,No,7.5,3,5
A000669,EMP1021,D0032,No,No,49527,No,7.58,3,5
A000670,EMP1021,D0033,No,No,52653,No,7.67,3,5
A000671,EMP1021,D0034,No,No,50990,No,7.75,3,5
A000672,EMP1021,D0035,No,No,49884,No,7.83,3,5
A000673,EMP1021,D0036,No,No,50038,No,7.92,3,5
A000674,EMP1022,D0001,No,No,46888,No,1,0,2
A000675,EMP1022,D0002,No,No,48630,Yes,1.08,0,2
A000676,EMP1022,D0003,No,No,46106,No,1.17,0,2
A000677,EMP1022,D0004,No,No,46626,No,1.25,0,2
A000678,EMP1022,D0005,No,No,50113,No,1.33,0,2
A000679,EMP1022,D0006,No,No,46293,No,1.42,0,2
A000680,EMP1022,D0007,No,No,47386,No,1.5,0,2
A000681,EMP1022,D0008,No,No,49946,Yes,1.58,0,2
A000682,EMP1022,D0009,No,No,48835,No,1.67,0,2
A000683,EMP1022,D0010,No,No,44902,No,1.75,0,2
A000684,EMP1022,D0011,No,No,45420,No,1.83,0,2
A000685,EMP1022,D0012,No,No,44570,No,1.92,0,2
A000686,EMP1022,D0013,No,No,48367,No,2,2,3
A000687,EMP1022,D0014,No,No,47250,No,2.08,2,3
A000688,EMP1022,D0015,No,No,45341,Yes,2.17,2,3
A000689,EMP1022,D0016,No,No,50359,No,2.25,2,3
A000690,EMP1022,D0017,No,No,47750,No,2.33,2,3
A000691,EMP1022,D0018,No,No,45996,No,2.42,2,3
A000692,EMP1022,D0019,No,No,47573,No,2.5,2,3
A000693,EMP1022,D0020,No,No,48663,No,2.58,2,3
A000694,EMP1022,D0021,No,No,44987,Yes,2.67,2,3
A000695,EMP1022,D0022,No,No,46196,No,2.75,2,3
A000696,EMP1022,D0023,No,No,49439,No,2.83,2,3
A000697,EMP1022,D0024,No,No,47323,No,2.92,2,3
A000698,EMP1022,D0025,No,No,47853,No,3,3,3
A000699,EMP1022,D0026,No,No,47160,No,3.08,3,3
A000700,EMP1022,D0027,No,No,44790,No,3.17,3,3
A000701,EMP1022,D0028,No,No,45533,No,3.25,3,3
A000702,EMP1022,D0029,No,No,47237,No,3.33,3,3
A000703,EMP1022,D0030,No,No,45797,No,3.42,3,3
A000704,EMP1022,D0031,No,No,44827,No,3.5,3,3
A000705,EMP1022,D0032,No,No,49663,No,3.58,3,3
A000706,EMP1022,D0033,No,No,50501,No,3.67,3,3
A000707,EMP1022,D0034,No,No,49355,No,3.75,3,3
A000708,EMP1022,D0035,No,No,49724,No,3.83,3,3
A000709,EMP1022,D0036,No,No,45997,No,3.92,3,3
A000710,EMP1023,D0001,No,No,29129,No,6,2,3
A000711,EMP1023,D0002,No,No,27420,No,6.08,2,3
A000712,EMP1023,D0003,No,No,28847,No,6.17,2,3
A000713,EMP1023,D0004,No,No,28941,No,6.25,2,3
A000714,EMP1023,D0005,No,No,27112,No,6.33,2,3
A000715,EMP1023,D0006,No,No,28573,No,6.42,2,3
A000716,EMP1023,D0007,No,No,29323,No,6.5,2,3
A000717,EMP1023,D0008,No,No,28333,Yes,6.58,2,3
A000718,EMP1023,D0009,No,No,26566,No,6.67,2,3
A000719,EMP1023,D0010,No,No,26555,No,6.75,2,3
A000720,EMP1023,D0011,No,No,27818,No,6.83,2,3
A000721,EMP1023,D0012,No,No,29884,No,6.92,2,3
A000722,EMP1023,D0013,No,No,27352,No,7,2,4
A000723,EMP1023,D0014,No,No,28824,No,7.08,2,4
A000724,EMP1023,D0015,No,No,27328,No,7.17,2,4
A000725,EMP1023,D0016,No,No,27689,No,7.25,2,4
A000726,EMP1023,D0017,No,No,29600,No,7.33,2,4
A000727,EMP1023,D0018,No,No,29167,No,7.42,2,4
A000728,EMP1023,D0019,No,No,26868,No,7.5,2,4
A000729,EMP1023,D0020,No,No,28078,No,7.58,2,4
A000730,EMP1023,D0021,No,No,26628,No,7.67,2,4
A000731,EMP1023,D0022,No,No,28267,No,7.75,2,4
A000732,EMP1023,D0023,Yes,Yes,28926,No,7.83,2,4
A000733,EMP1024,D0001,No,No,34324,No,6,0,3
A000734,EMP1024,D0002,No,No,34643,No,6.08,0,3
A000735,EMP1024,D0003,No,No,37090,No,6.17,0,3
A000736,EMP1024,D0004,No,No,37326,No,6.25,0,3
A000737,EMP1024,D0005,No,No,37083,No,6.33,0,3
A000738,EMP1024,D0006,No,No,34943,No,6.42,0,3
A000739,EMP1024,D0007,No,No,36575,No,6.5,0,3
A000740,EMP1024,D0008,No,No,35200,No,6.58,0,3
A000741,EMP1024,D0009,No,No,35296,No,6.67,0,3
A000742,EMP1024,D0010,No,No,33972,No,6.75,0,3
A000743,EMP1024,D0011,No,No,35719,No,6.83,0,3
A000744,EMP1024,D0012,No,No,33888,No,6.92,0,3
A000745,EMP1024,D0013,No,No,34546,Yes,7,0,3
A000746,EMP1024,D0014,No,No,36913,No,7.08,0,3
A000747,EMP1024,D0015,No,No,33983,No,7.17,0,3
A000748,EMP1024,D0016,No,No,33368,No,7.25,0,3
A000749,EMP1024,D0017,No,No,33358,No,7.33,0,3
A000750,EMP1024,D0018,No,No,37301,No,7.42,0,3
A000751,EMP1024,D0019,No,No,35339,No,7.5,0,3
A000752,EMP1024,D0020,No,No,34898,No,7.58,0,3
A000753,EMP1024,D0021,No,No,36713,No,7.67,0,3
A000754,EMP1024,D0022,No,No,36826,No,7.75,0,3
A000755,EMP1024,D0023,No,No,34549,Yes,7.83,0,3
A000756,EMP1024,D0024,No,No,36183,No,7.92,0,3
A000757,EMP1024,D0025,No,No,36533,No,8,1,3
A000758,EMP1024,D0026,No,No,36007,Yes,8.08,1,3
A000759,EMP1024,D0027,No,No,33732,No,8.17,1,3
A000760,EMP1024,D0028,No,No,37007,No,8.25,1,3
A000761,EMP1024,D0029,No,No,35484,No,8.33,1,3
A000762,EMP1024,D0030,No,No,34324,No,8.42,1,3
A000763,EMP1024,D0031,No,No,34969,No,8.5,1,3
A000764,EMP1024,D0032,No,No,33216,Yes,8.58,1,3
A000765,EMP1024,D0033,No,No,33625,No,8.67,1,3
A000766,EMP1024,D0034,No,No,36508,No,8.75,1,3
A000767,EMP1024,D0035,No,No,33046,No,8.83,1,3
A000768,EMP1024,D0036,No,No,34930,No,8.92,1,3
A000769,EMP1025,D0001,No,No,40582,Yes,4,1,4
A000770,EMP1025,D0002,No,No,42384,No,4.08,1,4
A000771,EMP1025,D0003,No,No,40750,No,4.17,1,4
A000772,EMP1025,D0004,No,No,42989,No,4.25,1,4
A000773,EMP1025,D0005,No,No,43228,No,4.33,1,4
A000774,EMP1025,D0006,No,No,39710,Yes,4.42,1,4
A000775,EMP1025,D0007,No,No,41914,No,4.5,1,4
A000776,EMP1025,D0008,No,No,41887,No,4.58,1,4
A000777,EMP1025,D0009,No,No,41139,No,4.67,1,4
A000778,EMP1025,D0010,No,No,44160,No,4.75,1,4
A000779,EMP1025,D0011,No,No,43595,No,4.83,1,4
A000780,EMP1025,D0012,No,No,42897,No,4.92,1,4
A000781,EMP1025,D0013,No,No,42988,Yes,5,2,3
A000782,EMP1025,D0014,No,No,41635,No,5.08,2,3
A000783,EMP1025,D0015,No,No,44096,No,5.17,2,3
A000784,EMP1025,D0016,No,No,42883,No,5.25,2,3
A000785,EMP1025,D0017,No,No,43067,No,5.33,2,3
A000786,EMP1025,D0018,No,No,43778,No,5.42,2,3
A000787,EMP1025,D0019,No,No,40629,No,5.5,2,3
A000788,EMP1025,D0020,No,No,43485,No,5.58,2,3
A000789,EMP1025,D0021,No,No,40207,No,5.67,2,3
A000790,EMP1025,D0022,No,No,41011,No,5.75,2,3
A000791,EMP1025,D0023,No,No,40959,No,5.83,2,3
A000792,EMP1025,D0024,No,No,44404,No,5.92,2,3
A000793,EMP1025,D0025,No,No,43750,No,6,1,4
A000794,EMP1025,D0026,No,No,42918,No,6.08,1,4
A000795,EMP1025,D0027,No,No,43057,No,6.17,1,4
A000796,EMP1025,D0028,No,No,42172,No,6.25,1,4
A000797,EMP1025,D0029,No,No,44236,No,6.33,1,4
A000798,EMP1025,D0030,No,No,41820,No,6.42,1,4
A000799,EMP1025,D0031,No,No,41200,No,6.5,1,4
A000800,EMP1025,D0032,No,No,40034,No,6.58,1,4
A000801,EMP1025,D0033,No,No,43374,No,6.67,1,4
A000802,EMP1025,D0034,No,No,43096,No,6.75,1,4
A000803,EMP1025,D0035,No,No,41220,No,6.83,1,4
A000804,EMP1025,D0036,No,No,39295,No,6.92,1,4
A000805,EMP1026,D0001,No,No,44517,No,1,3,2
A000806,EMP1026,D0002,No,No,44787,No,1.08,3,2
A000807,EMP1026,D0003,No,No,46356,No,1.17,3,2
A000808,EMP1026,D0004,No,No,44677,No,1.25,3,2
A000809,EMP1026,D0005,No,No,47007,No,1.33,3,2
A000810,EMP1026,D0006,No,No,45089,No,1.42,3,2
A000811,EMP1026,D0007,No,No,43123,No,1.5,3,2
A000812,EMP1026,D0008,No,No,47306,No,1.58,3,2
A000813,EMP1026,D0009,No,No,44394,No,1.67,3,2
A000814,EMP1026,D0010,No,No,45254,No,1.75,3,2
A000815,EMP1026,D0011,No,No,46731,No,1.83,3,2
A000816,EMP1026,D0012,No,No,44667,No,1.92,3,2
A000817,EMP1026,D0013,No,No,43054,No,2,0,2
A000818,EMP1026,D0014,No,No,44910,No,2.08,0,2
A000819,EMP1026,D0015,No,No,48245,No,2.17,0,2
A000820,EMP1026,D0016,No,No,46475,No,2.25,0,2
A000821,EMP1026,D0017,No,No,46649,No,2.33,0,2
A000822,EMP1026,D0018,No,No,46420,No,2.42,0,2
A000823,EMP1026,D0019,No,No,43887,No,2.5,0,2
A000824,EMP1026,D0020,No,No,45169,Yes,2.58,0,2
A000825,EMP1026,D0021,No,No,47114,No,2.67,0,2
A000826,EMP1026,D0022,No,No,43316,No,2.75,0,2
A000827,EMP1026,D0023,No,No,44348,No,2.83,0,2
A000828,EMP1026,D0024,No,No,44339,No,2.92,0,2
A000829,EMP1026,D0025,No,No,45249,No,3,3,2
A000830,EMP1026,D0026,No,No,48455,No,3.08,3,2
A000831,EMP1026,D0027,No,No,43118,No,3.17,3,2
A000832,EMP1026,D0028,No,No,45756,No,3.25,3,2
A000833,EMP1026,D0029,No,No,43772,No,3.33,3,2
A000834,EMP1026,D0030,No,No,48399,No,3.42,3,2
A000835,EMP1026,D0031,No,No,43386,No,3.5,3,2
A000836,EMP1026,D0032,No,No,45083,No,3.58,3,2
A000837,EMP1026,D0033,No,No,47038,No,3.67,3,2
A000838,EMP1026,D0034,No,No,46843,No,3.75,3,2
A000839,EMP1026,D0035,No,No,45195,Yes,3.83,3,2
A000840,EMP1026,D0036,No,No,44749,No,3.92,3,2
A000841,EMP1027,D0001,No,No,38103,No,4,0,3
A000842,EMP1027,D0002,No,No,38003,No,4.08,0,3
A000843,EMP1027,D0003,No,No,36709,No,4.17,0,3
A000844,EMP1027,D0004,No,No,34841,No,4.25,0,3
A000845,EMP1027,D0005,No,No,37541,No,4.33,0,3
A000846,EMP1027,D0006,No,No,35972,No,4.42,0,3
A000847,EMP1027,D0007,No,No,36910,No,4.5,0,3
A000848,EMP1027,D0008,No,No,39324,No,4.58,0,3
A000849,EMP1027,D0009,No,No,36666,No,4.67,0,3
A000850,EMP1027,D0010,No,No,38763,No,4.75,0,3
A000851,EMP1027,D0011,No,No,35665,No,4.83,0,3
A000852,EMP1027,D0012,No,No,37967,No,4.92,0,3
A000853,EMP1027,D0013,No,No,39416,No,5,2,4
A000854,EMP1027,D0014,No,No,35252,No,5.08,2,4
A000855,EMP1027,D0015,No,No,34807,No,5.17,2,4
A000856,EMP1027,D0016,No,No,36830,No,5.25,2,4
A000857,EMP1027,D0017,No,No,35208,No,5.33,2,4
A000858,EMP1027,D0018,No,No,38328,No,5.42,2,4
A000859,EMP1027,D0019,No,No,39119,No,5.5,2,4
A000860,EMP1027,D0020,No,No,36833,No,5.58,2,4
A000861,EMP1027,D0021,No,No,35998,Yes,5.67,2,4
A000862,EMP1027,D0022,No,No,36834,No,5.75,2,4
A000863,EMP1027,D0023,No,No,38210,No,5.83,2,4
A000864,EMP1027,D0024,No,No,34811,No,5.92,2,4
A000865,EMP1027,D0025,No,No,37572,Yes,6,3,3
A000866,EMP1027,D0026,No,No,37685,No,6.08,3,3
A000867,EMP1027,D0027,No,No,37802,No,6.17,3,3
A000868,EMP1027,D0028,No,No,35919,No,6.25,3,3
A000869,EMP1027,D0029,No,No,38165,Yes,6.33,3,3
A000870,EMP1027,D0030,No,No,35202,No,6.42,3,3
A000871,EMP1027,D0031,No,No,35716,No,6.5,3,3
A000872,EMP1027,D0032,No,No,38942,No,6.58,3,3
A000873,EMP1027,D0033,No,No,38282,No,6.67,3,3
A000874,EMP1027,D0034,No,No,34833,No,6.75,3,3
A000875,EMP1027,D0035,No,No,35949,No,6.83,3,3
A000876,EMP1027,D0036,No,No,35788,No,6.92,3,3
A000877,EMP1028,D0021,No,No,62749,No,0.67,0,3
A000878,EMP1028,D0022,No,No,62710,No,0.75,0,3
A000879,EMP1028,D0023,No,No,61023,No,0.83,0,3
A000880,EMP1028,D0024,No,No,57492,No,0.92,0,3
A000881,EMP1028,D0025,No,No,59851,No,1,2,4
A000882,EMP1028,D0026,No,No,64135,No,1.08,2,4
A000883,EMP1028,D0027,No,No,61514,No,1.17,2,4
A000884,EMP1028,D0028,No,No,61154,No,1.25,2,4
A000885,EMP1028,D0029,No,No,59054,No,1.33,2,4
A000886,EMP1028,D0030,No,No,59830,No,1.42,2,4
A000887,EMP1028,D0031,No,No,63937,Yes,1.5,2,4
A000888,EMP1028,D0032,No,No,62153,No,1.58,2,4
A000889,EMP1028,D0033,No,No,63096,No,1.67,2,4
A000890,EMP1028,D0034,No,No,60500,No,1.75,2,4
A000891,EMP1028,D0035,No,No,61871,No,1.83,2,4
A000892,EMP1028,D0036,No,No,58894,No,1.92,2,4
A000893,EMP1029,D0001,No,No,46539,No,4,0,1
A000894,EMP1029,D0002,No,No,46314,No,4.08,0,1
A000895,EMP1029,D0003,No,No,43560,No,4.17,0,1
A000896,EMP1029,D0004,No,No,47026,No,4.25,0,1
A000897,EMP1029,D0005,No,No,47250,No,4.33,0,1
A000898,EMP1029,D0006,No,No,43668,No,4.42,0,1
A000899,EMP1029,D0007,No,No,43827,No,4.5,0,1
A000900,EMP1029,D0008,No,No,44692,No,4.58,0,1
A000901,EMP1029,D0009,No,No,47183,No,4.67,0,1
A000902,EMP1029,D0010,No,No,46812,No,4.75,0,1
A000903,EMP1029,D0011,No,No,42386,No,4.83,0,1
A000904,EMP1029,D0012,No,No,44046,No,4.92,0,1
A000905,EMP1029,D0013,No,No,44965,No,5,2,2
A000906,EMP1029,D0014,No,No,44677,No,5.08,2,2
A000907,EMP1029,D0015,No,No,42908,No,5.17,2,2
A000908,EMP1029,D0016,No,No,46712,No,5.25,2,2
A000909,EMP1029,D0017,No,No,45672,Yes,5.33,2,2
A000910,EMP1029,D0018,No,No,46592,No,5.42,2,2
A000911,EMP1029,D0019,No,No,46712,No,5.5,2,2
A000912,EMP1029,D0020,No,No,46080,No,5.58,2,2
A000913,EMP1029,D0021,No,No,44312,No,5.67,2,2
A000914,EMP1029,D0022,No,No,45292,No,5.75,2,2
A000915,EMP1029,D0023,No,No,42717,No,5.83,2,2
A000916,EMP1029,D0024,No,No,45653,No,5.92,2,2
A000917,EMP1029,D0025,No,No,42825,No,6,0,4
A000918,EMP1029,D0026,No,No,45769,No,6.08,0,4
A000919,EMP1029,D0027,No,No,43113,No,6.17,0,4
A000920,EMP1029,D0028,No,No,42472,No,6.25,0,4
A000921,EMP1029,D0029,No,No,42745,No,6.33,0,4
A000922,EMP1029,D0030,No,No,41811,No,6.42,0,4
A000923,EMP1029,D0031,No,No,45911,No,6.5,0,4
A000924,EMP1029,D0032,No,No,45989,No,6.58,0,4
A000925,EMP1029,D0033,No,No,44745,No,6.67,0,4
A000926,EMP1029,D0034,No,No,42722,No,6.75,0,4
A000927,EMP1029,D0035,No,No,42277,No,6.83,0,4
A000928,EMP1029,D0036,No,No,41909,No,6.92,0,4
A000929,EMP1030,D0018,No,No,34123,No,0.42,3,3
A000930,EMP1030,D0019,No,No,34147,No,0.5,3,3
A000931,EMP1030,D0020,No,No,31886,No,0.58,3,3
A000932,EMP1030,D0021,No,No,33286,No,0.67,3,3
A000933,EMP1030,D0022,No,No,32910,No,0.75,3,3
A000934,EMP1030,D0023,No,No,34865,No,0.83,3,3
A000935,EMP1030,D0024,No,No,33846,No,0.92,3,3
A000936,EMP1030,D0025,No,No,33424,No,1,2,4
A000937,EMP1030,D0026,No,No,31646,No,1.08,2,4
A000938,EMP1030,D0027,No,No,33736,No,1.17,2,4
A000939,EMP1030,D0028,No,No,31653,No,1.25,2,4
A000940,EMP1030,D0029,No,No,32591,No,1.33,2,4
A000941,EMP1030,D0030,No,No,31763,No,1.42,2,4
A000942,EMP1030,D0031,No,No,34104,No,1.5,2,4
A000943,EMP1030,D0032,No,No,32033,No,1.58,2,4
A000944,EMP1030,D0033,No,No,32824,No,1.67,2,4
A000945,EMP1030,D0034,No,No,34972,No,1.75,2,4
A000946,EMP1030,D0035,No,No,32025,No,1.83,2,4
A000947,EMP1030,D0036,No,No,33319,No,1.92,2,4
A000948,EMP1031,D0001,No,No,28237,No,2,1,3
A000949,EMP1031,D0002,No,No,29811,No,2.08,1,3
A000950,EMP1031,D0003,No,No,28450,No,2.17,1,3
A000951,EMP1031,D0004,No,No,30522,No,2.25,1,3
A000952,EMP1031,D0005,No,No,28911,No,2.33,1,3
A000953,EMP1031,D0006,No,No,28037,No,2.42,1,3
A000954,EMP1031,D0007,No,No,27666,No,2.5,1,3
A000955,EMP1031,D0008,No,No,28145,No,2.58,1,3
A000956,EMP1031,D0009,No,No,28226,No,2.67,1,3
A000957,EMP1031,D0010,No,No,27109,No,2.75,1,3
A000958,EMP1031,D0011,No,No,28215,No,2.83,1,3
A000959,EMP1031,D0012,No,No,28563,No,2.92,1,3
A000960,EMP1031,D0013,No,No,29513,No,3,1,3
A000961,EMP1031,D0014,No,No,29270,No,3.08,1,3
A000962,EMP1031,D0015,No,No,29462,No,3.17,1,3
A000963,EMP1031,D0016,No,No,26887,No,3.25,1,3
A000964,EMP1031,D0017,No,No,27657,No,3.33,1,3
A000965,EMP1031,D0018,No,No,29289,No,3.42,1,3
A000966,EMP1031,D0019,No,No,28635,No,3.5,1,3
A000967,EMP1031,D0020,No,No,26876,No,3.58,1,3
A000968,EMP1031,D0021,No,No,29813,Yes,3.67,1,3
A000969,EMP1031,D0022,No,No,29697,No,3.75,1,3
A000970,EMP1031,D0023,No,No,28872,No,3.83,1,3
A000971,EMP1031,D0024,No,No,27101,No,3.92,1,3
A000972,EMP1031,D0025,No,No,29674,No,4,0,2
A000973,EMP1031,D0026,No,No,29002,No,4.08,0,2
A000974,EMP1031,D0027,No,No,29731,No,4.17,0,2
A000975,EMP1031,D0028,No,No,29620,No,4.25,0,2
A000976,EMP1031,D0029,No,No,29808,No,4.33,0,2
A000977,EMP1031,D0030,No,No,28760,No,4.42,0,2
A000978,EMP1031,D0031,No,No,27372,No,4.5,0,2
A000979,EMP1031,D0032,No,No,29323,Yes,4.58,0,2
A000980,EMP1031,D0033,No,No,29137,No,4.67,0,2
A000981,EMP1031,D0034,No,No,29585,No,4.75,0,2
A000982,EMP1031,D0035,No,No,27481,No,4.83,0,2
A000983,EMP1031,D0036,No,No,27573,Yes,4.92,0,2
A000984,EMP1032,D0001,No,No,29824,No,5,0,4
A000985,EMP1032,D0002,No,No,31316,No,5.08,0,4
A000986,EMP1032,D0003,No,No,30006,No,5.17,0,4
A000987,EMP1032,D0004,No,No,31581,No,5.25,0,4
A000988,EMP1032,D0005,No,No,32187,No,5.33,0,4
A000989,EMP1032,D0006,No,No,32041,No,5.42,0,4
A000990,EMP1032,D0007,No,No,31972,No,5.5,0,4
A000991,EMP1032,D0008,No,No,29701,No,5.58,0,4
A000992,EMP1032,D0009,No,No,29308,No,5.67,0,4
A000993,EMP1032,D0010,No,No,31727,No,5.75,0,4
A000994,EMP1032,D0011,No,No,30417,No,5.83,0,4
A000995,EMP1032,D0012,No,No,30671,No,5.92,0,4
A000996,EMP1032,D0013,No,No,29081,No,6,1,3
A000997,EMP1032,D0014,No,No,29986,No,6.08,1,3
A000998,EMP1032,D0015,No,No,29091,No,6.17,1,3
A000999,EMP1032,D0016,No,No,32441,No,6.25,1,3
A001000,EMP1032,D0017,No,No,29922,No,6.33,1,3
A001001,EMP1032,D0018,No,No,31166,No,6.42,1,3
A001002,EMP1032,D0019,No,No,29112,No,6.5,1,3
A001003,EMP1032,D0020,No,No,31600,No,6.58,1,3
A001004,EMP1032,D0021,No,No,30238,No,6.67,1,3
A001005,EMP1032,D0022,No,No,32516,No,6.75,1,3
A001006,EMP1032,D0023,No,No,32477,No,6.83,1,3
A001007,EMP1032,D0024,No,No,30246,No,6.92,1,3
A001008,EMP1032,D0025,No,No,32528,No,7,1,4
A001009,EMP1032,D0026,No,No,32905,No,7.08,1,4
A001010,EMP1032,D0027,No,No,32228,No,7.17,1,4
A001011,EMP1032,D0028,No,No,32305,Yes,7.25,1,4
A001012,EMP1032,D0029,No,No,29944,No,7.33,1,4
A001013,EMP1032,D0030,No,No,31243,No,7.42,1,4
A001014,EMP1032,D0031,No,No,29224,No,7.5,1,4
A001015,EMP1032,D0032,No,No,29334,No,7.58,1,4
A001016,EMP1032,D0033,No,No,32916,No,7.67,1,4
A001017,EMP1032,D0034,No,No,30252,No,7.75,1,4
A001018,EMP1032,D0035,No,No,31922,No,7.83,1,4
A001019,EMP1032,D0036,No,No,32154,No,7.92,1,4
A001020,EMP1033,D0013,No,No,51107,No,0,2,4
A001021,EMP1033,D0014,No,No,53762,No,0.08,2,4
A001022,EMP1033,D0015,No,No,52246,No,0.17,2,4
A001023,EMP1033,D0016,No,No,50209,No,0.25,2,4
A001024,EMP1033,D0017,No,No,51927,No,0.33,2,4
A001025,EMP1033,D0018,No,No,49865,No,0.42,2,4
A001026,EMP1033,D0019,No,No,48826,No,0.5,2,4
A001027,EMP1033,D0020,No,No,51210,Yes,0.58,2,4
A001028,EMP1033,D0021,No,No,53357,Yes,0.67,2,4
A001029,EMP1033,D0022,No,No,53363,Yes,0.75,2,4
A001030,EMP1033,D0023,No,No,49559,No,0.83,2,4
A001031,EMP1033,D0024,No,No,50762,Yes,0.92,2,4
A001032,EMP1033,D0025,No,No,48715,No,1,1,3
A001033,EMP1033,D0026,No,No,53794,No,1.08,1,3
A001034,EMP1033,D0027,No,No,53700,No,1.17,1,3
A001035,EMP1033,D0028,No,No,51552,No,1.25,1,3
A001036,EMP1033,D0029,No,No,52555,No,1.33,1,3
A001037,EMP1033,D0030,No,No,51977,No,1.42,1,3
A001038,EMP1033,D0031,No,No,51186,No,1.5,1,3
A001039,EMP1033,D0032,No,No,47689,No,1.58,1,3
A001040,EMP1033,D0033,No,No,50290,No,1.67,1,3
A001041,EMP1033,D0034,No,No,51715,No,1.75,1,3
A001042,EMP1033,D0035,No,No,51733,No,1.83,1,3
A001043,EMP1033,D0036,No,No,49761,No,1.92,1,3
A001044,EMP1034,D0015,No,No,43435,No,0.17,1,3
A001045,EMP1034,D0016,No,No,41202,No,0.25,1,3
A001046,EMP1034,D0017,No,No,40953,No,0.33,1,3
A001047,EMP1034,D0018,No,No,40498,No,0.42,1,3
A001048,EMP1034,D0019,No,No,39194,No,0.5,1,3
A001049,EMP1034,D0020,No,No,41395,No,0.58,1,3
A001050,EMP1034,D0021,No,No,39842,No,0.67,1,3
A001051,EMP1034,D0022,No,No,43226,No,0.75,1,3
A001052,EMP1034,D0023,No,No,41450,No,0.83,1,3
A001053,EMP1034,D0024,No,No,41501,No,0.92,1,3
A001054,EMP1034,D0025,No,No,40251,No,1,1,4
A001055,EMP1034,D0026,No,No,38660,No,1.08,1,4
A001056,EMP1034,D0027,No,No,38554,No,1.17,1,4
A001057,EMP1034,D0028,No,No,40611,No,1.25,1,4
A001058,EMP1034,D0029,No,No,38831,No,1.33,1,4
A001059,EMP1034,D0030,No,No,41575,No,1.42,1,4
A001060,EMP1034,D0031,No,No,43015,No,1.5,1,4
A001061,EMP1034,D0032,No,No,43025,No,1.58,1,4
A001062,EMP1034,D0033,No,No,41849,No,1.67,1,4
A001063,EMP1034,D0034,No,No,39496,No,1.75,1,4
A001064,EMP1034,D0035,No,No,42920,No,1.83,1,4
A001065,EMP1034,D0036,No,No,43042,No,1.92,1,4
A001066,EMP1035,D0020,No,No,128500,No,0.58,1,2
A001067,EMP1035,D0021,No,No,115209,No,0.67,1,2
A001068,EMP1035,D0022,No,No,119892,No,0.75,1,2
A001069,EMP1035,D0023,No,No,114990,No,0.83,1,2
A001070,EMP1035,D0024,No,No,117168,No,0.92,1,2
A001071,EMP1035,D0025,No,No,117457,No,1,2,2
A001072,EMP1035,D0026,No,No,121193,No,1.08,2,2
A001073,EMP1035,D0027,No,No,118068,No,1.17,2,2
A001074,EMP1035,D0028,No,No,115456,No,1.25,2,2
A001075,EMP1035,D0029,No,No,116493,No,1.33,2,2
A001076,EMP1035,D0030,No,No,116178,No,1.42,2,2
A001077,EMP1035,D0031,No,No,129047,No,1.5,2,2
A001078,EMP1035,D0032,No,No,125716,Yes,1.58,2,2
A001079,EMP1035,D0033,No,No,128964,No,1.67,2,2
A001080,EMP1035,D0034,No,No,120736,No,1.75,2,2
A001081,EMP1035,D0035,No,No,118221,Yes,1.83,2,2
A001082,EMP1035,D0036,No,No,126323,No,1.92,2,2
A001083,EMP1036,D0001,No,No,76661,Yes,5,1,5
A001084,EMP1036,D0002,No,No,77469,Yes,5.08,1,5
A001085,EMP1036,D0003,No,No,72269,No,5.17,1,5
A001086,EMP1036,D0004,No,No,74395,No,5.25,1,5
A001087,EMP1036,D0005,No,No,77259,No,5.33,1,5
A001088,EMP1036,D0006,No,No,78675,Yes,5.42,1,5
A001089,EMP1036,D0007,No,No,77728,No,5.5,1,5
A001090,EMP1036,D0008,No,No,72815,Yes,5.58,1,5
A001091,EMP1036,D0009,No,No,71144,Yes,5.67,1,5
A001092,EMP1036,D0010,No,No,73934,No,5.75,1,5
A001093,EMP1036,D0011,No,No,76326,No,5.83,1,5
A001094,EMP1036,D0012,No,No,73964,No,5.92,1,5
A001095,EMP1036,D0013,No,No,73875,No,6,2,3
A001096,EMP1036,D0014,No,No,77241,No,6.08,2,3
A001097,EMP1036,D0015,No,No,72720,No,6.17,2,3
A001098,EMP1036,D0016,No,No,77446,No,6.25,2,3
A001099,EMP1036,D0017,No,No,73151,No,6.33,2,3
A001100,EMP1036,D0018,No,No,72406,No,6.42,2,3
A001101,EMP1036,D0019,No,No,73598,No,6.5,2,3
A001102,EMP1036,D0020,No,No,76523,No,6.58,2,3
A001103,EMP1036,D0021,No,No,70488,No,6.67,2,3
A001104,EMP1036,D0022,No,No,71156,No,6.75,2,3
A001105,EMP1036,D0023,No,No,78315,No,6.83,2,3
A001106,EMP1036,D0024,No,No,70957,Yes,6.92,2,3
A001107,EMP1036,D0025,No,No,74676,No,7,0,3
A001108,EMP1036,D0026,No,No,74786,No,7.08,0,3
A001109,EMP1036,D0027,No,No,73936,No,7.17,0,3
A001110,EMP1036,D0028,No,No,75407,No,7.25,0,3
A001111,EMP1036,D0029,No,No,71472,Yes,7.33,0,3
A001112,EMP1036,D0030,No,No,74534,No,7.42,0,3
A001113,EMP1036,D0031,No,No,72822,Yes,7.5,0,3
A001114,EMP1036,D0032,No,No,75567,No,7.58,0,3
A001115,EMP1036,D0033,No,No,70632,No,7.67,0,3
A001116,EMP1036,D0034,No,No,74706,No,7.75,0,3
A001117,EMP1036,D0035,No,No,71050,No,7.83,0,3
A001118,EMP1036,D0036,No,No,71935,No,7.92,0,3
A001119,EMP1037,D0001,No,No,50351,No,5,2,4
A001120,EMP1037,D0002,No,No,54823,No,5.08,2,4
A001121,EMP1037,D0003,No,No,51885,No,5.17,2,4
A001122,EMP1037,D0004,No,No,51873,No,5.25,2,4
A001123,EMP1037,D0005,No,No,53837,Yes,5.33,2,4
A001124,EMP1037,D0006,No,No,49792,No,5.42,2,4
A001125,EMP1037,D0007,No,No,52013,No,5.5,2,4
A001126,EMP1037,D0008,No,No,51631,No,5.58,2,4
A001127,EMP1037,D0009,No,No,52745,No,5.67,2,4
A001128,EMP1037,D0010,No,No,55431,No,5.75,2,4
A001129,EMP1037,D0011,No,No,53896,No,5.83,2,4
A001130,EMP1037,D0012,No,No,51416,No,5.92,2,4
A001131,EMP1037,D0013,No,No,54284,No,6,2,2
A001132,EMP1037,D0014,No,No,49901,No,6.08,2,2
A001133,EMP1037,D0015,No,No,48965,No,6.17,2,2
A001134,EMP1037,D0016,No,No,50126,No,6.25,2,2
A001135,EMP1037,D0017,No,No,51033,No,6.33,2,2
A001136,EMP1037,D0018,No,No,52169,Yes,6.42,2,2
A001137,EMP1037,D0019,No,No,52866,No,6.5,2,2
A001138,EMP1037,D0020,No,No,54838,No,6.58,2,2
A001139,EMP1037,D0021,No,No,52164,No,6.67,2,2
A001140,EMP1037,D0022,No,No,52106,No,6.75,2,2
A001141,EMP1037,D0023,No,No,49097,No,6.83,2,2
A001142,EMP1037,D0024,No,No,48995,No,6.92,2,2
A001143,EMP1037,D0025,No,No,52439,No,7,2,2
A001144,EMP1037,D0026,No,No,51685,No,7.08,2,2
A001145,EMP1037,D0027,No,No,54361,No,7.17,2,2
A001146,EMP1037,D0028,No,No,49834,No,7.25,2,2
A001147,EMP1037,D0029,No,No,48928,No,7.33,2,2
A001148,EMP1037,D0030,No,No,51758,Yes,7.42,2,2
A001149,EMP1037,D0031,No,No,50346,No,7.5,2,2
A001150,EMP1037,D0032,No,No,49093,No,7.58,2,2
A001151,EMP1037,D0033,No,No,53597,No,7.67,2,2
A001152,EMP1037,D0034,No,No,49506,No,7.75,2,2
A001153,EMP1037,D0035,No,No,52821,No,7.83,2,2
A001154,EMP1037,D0036,No,No,50637,No,7.92,2,2
A001155,EMP1038,D0001,No,No,36580,No,7,1,3
A001156,EMP1038,D0002,No,No,36199,No,7.08,1,3
A001157,EMP1038,D0003,No,No,37876,No,7.17,1,3
A001158,EMP1038,D0004,No,No,34780,No,7.25,1,3
A001159,EMP1038,D0005,No,No,34908,No,7.33,1,3
A001160,EMP1038,D0006,No,No,33717,No,7.42,1,3
A001161,EMP1038,D0007,No,No,35377,No,7.5,1,3
A001162,EMP1038,D0008,No,No,34548,No,7.58,1,3
A001163,EMP1038,D0009,No,No,34924,No,7.67,1,3
A001164,EMP1038,D0010,No,No,37166,No,7.75,1,3
A001165,EMP1038,D0011,No,No,37626,No,7.83,1,3
A001166,EMP1038,D0012,No,No,34204,No,7.92,1,3
A001167,EMP1038,D0013,No,No,35057,Yes,8,3,3
A001168,EMP1038,D0014,No,No,37595,No,8.08,3,3
A001169,EMP1038,D0015,No,No,33638,No,8.17,3,3
A001170,EMP1038,D0016,No,No,33778,No,8.25,3,3
A001171,EMP1038,D0017,No,No,34099,No,8.33,3,3
A001172,EMP1038,D0018,No,No,36073,Yes,8.42,3,3
A001173,EMP1038,D0019,No,No,34043,No,8.5,3,3
A001174,EMP1038,D0020,No,No,37775,No,8.58,3,3
A001175,EMP1038,D0021,No,No,35395,Yes,8.67,3,3
A001176,EMP1038,D0022,No,No,35646,No,8.75,3,3
A001177,EMP1038,D0023,No,No,34482,No,8.83,3,3
A001178,EMP1038,D0024,No,No,35506,Yes,8.92,3,3
A001179,EMP1038,D0025,No,No,36378,No,9,1,3
A001180,EMP1038,D0026,No,No,36785,No,9.08,1,3
A001181,EMP1038,D0027,No,No,36797,Yes,9.17,1,3
A001182,EMP1038,D0028,No,No,35994,No,9.25,1,3
A001183,EMP1038,D0029,No,No,37484,No,9.33,1,3
A001184,EMP1038,D0030,No,No,37087,No,9.42,1,3
A001185,EMP1038,D0031,No,No,36812,No,9.5,1,3
A001186,EMP1038,D0032,No,No,33610,No,9.58,1,3
A001187,EMP1038,D0033,No,No,33388,No,9.67,1,3
A001188,EMP1038,D0034,No,No,34326,No,9.75,1,3
A001189,EMP1038,D0035,No,No,36385,No,9.83,1,3
A001190,EMP1038,D0036,No,No,35233,No,9.92,1,3
A001191,EMP1039,D0001,No,No,77751,No,4,2,3
A001192,EMP1039,D0002,No,No,75336,No,4.08,2,3
A001193,EMP1039,D0003,No,No,77368,No,4.17,2,3
A001194,EMP1039,D0004,No,No,75455,No,4.25,2,3
A001195,EMP1039,D0005,No,No,78392,Yes,4.33,2,3
A001196,EMP1039,D0006,No,No,76783,No,4.42,2,3
A001197,EMP1039,D0007,No,No,74111,No,4.5,2,3
A001198,EMP1039,D0008,No,No,73636,No,4.58,2,3
A001199,EMP1039,D0009,No,No,77902,Yes,4.67,2,3
A001200,EMP1039,D0010,No,No,81430,No,4.75,2,3
A001201,EMP1039,D0011,No,No,75891,No,4.83,2,3
A001202,EMP1039,D0012,No,No,79750,No,4.92,2,3
A001203,EMP1039,D0013,No,No,79013,Yes,5,0,4
A001204,EMP1039,D0014,Yes,Yes,81720,No,5.08,0,4
A001205,EMP1040,D0001,No,No,75705,No,4,0,3
A001206,EMP1040,D0002,No,No,79598,No,4.08,0,3
A001207,EMP1040,D0003,No,No,75969,No,4.17,0,3
A001208,EMP1040,D0004,No,No,79233,No,4.25,0,3
A001209,EMP1040,D0005,No,No,77038,No,4.33,0,3
A001210,EMP1040,D0006,No,No,81704,No,4.42,0,3
A001211,EMP1040,D0007,No,No,81675,No,4.5,0,3
A001212,EMP1040,D0008,No,No,78225,No,4.58,0,3
A001213,EMP1040,D0009,No,No,76954,No,4.67,0,3
A001214,EMP1040,D0010,No,No,77072,Yes,4.75,0,3
A001215,EMP1040,D0011,No,No,81525,No,4.83,0,3
A001216,EMP1040,D0012,No,No,76726,No,4.92,0,3
A001217,EMP1040,D0013,No,No,75529,No,5,0,3
A001218,EMP1040,D0014,No,No,74280,No,5.08,0,3
A001219,EMP1040,D0015,No,No,78118,No,5.17,0,3
A001220,EMP1040,D0016,No,No,78273,No,5.25,0,3
A001221,EMP1040,D0017,No,No,81878,No,5.33,0,3
A001222,EMP1040,D0018,No,No,75652,No,5.42,0,3
A001223,EMP1040,D0019,No,No,77257,No,5.5,0,3
A001224,EMP1040,D0020,No,No,81552,No,5.58,0,3
A001225,EMP1040,D0021,No,No,81705,No,5.67,0,3
A001226,EMP1040,D0022,No,No,77293,No,5.75,0,3
A001227,EMP1040,D0023,No,No,78042,No,5.83,0,3
A001228,EMP1040,D0024,No,No,76476,No,5.92,0,3
A001229,EMP1040,D0025,No,No,82799,No,6,0,3
A001230,EMP1040,D0026,No,No,74621,No,6.08,0,3
A001231,EMP1040,D0027,No,No,82811,No,6.17,0,3
A001232,EMP1040,D0028,No,No,80300,No,6.25,0,3
A001233,EMP1040,D0029,No,No,78770,No,6.33,0,3
A001234,EMP1040,D0030,No,No,73757,No,6.42,0,3
A001235,EMP1040,D0031,No,No,78208,No,6.5,0,3
A001236,EMP1040,D0032,No,No,77526,No,6.58,0,3
A001237,EMP1040,D0033,No,No,75049,No,6.67,0,3
A001238,EMP1040,D0034,No,No,80024,No,6.75,0,3
A001239,EMP1040,D0035,No,No,83187,No,6.83,0,3
A001240,EMP1040,D0036,No,No,79078,No,6.92,0,3
A001241,EMP1041,D0006,No,No,39836,No,0.42,2,1
A001242,EMP1041,D0007,No,No,41268,No,0.5,2,1
A001243,EMP1041,D0008,No,No,42478,No,0.58,2,1
A001244,EMP1041,D0009,No,No,43676,No,0.67,2,1
A001245,EMP1041,D0010,No,No,39778,No,0.75,2,1
A001246,EMP1041,D0011,No,No,43296,No,0.83,2,1
A001247,EMP1041,D0012,No,No,43550,No,0.92,2,1
A001248,EMP1041,D0013,No,No,43456,No,1,1,3
A001249,EMP1041,D0014,No,No,41971,No,1.08,1,3
A001250,EMP1041,D0015,No,No,41941,Yes,1.17,1,3
A001251,EMP1041,D0016,No,No,40744,No,1.25,1,3
A001252,EMP1041,D0017,No,No,42589,No,1.33,1,3
A001253,EMP1041,D0018,No,No,41421,No,1.42,1,3
A001254,EMP1041,D0019,No,No,42193,No,1.5,1,3
A001255,EMP1041,D0020,No,No,40877,Yes,1.58,1,3
A001256,EMP1041,D0021,No,No,42478,No,1.67,1,3
A001257,EMP1041,D0022,No,No,42970,No,1.75,1,3
A001258,EMP1041,D0023,No,No,39387,No,1.83,1,3
A001259,EMP1041,D0024,No,No,43014,No,1.92,1,3
A001260,EMP1041,D0025,No,No,41468,No,2,0,2
A001261,EMP1041,D0026,No,No,43076,No,2.08,0,2
A001262,EMP1041,D0027,No,No,40892,No,2.17,0,2
A001263,EMP1041,D0028,No,No,40616,No,2.25,0,2
A001264,EMP1041,D0029,No,No,43448,No,2.33,0,2
A001265,EMP1041,D0030,No,No,39940,No,2.42,0,2
A001266,EMP1041,D0031,No,No,43074,No,2.5,0,2
A001267,EMP1041,D0032,No,No,41171,No,2.58,0,2
A001268,EMP1041,D0033,No,No,41330,No,2.67,0,2
A001269,EMP1041,D0034,No,No,40243,No,2.75,0,2
A001270,EMP1041,D0035,No,No,41641,No,2.83,0,2
A001271,EMP1041,D0036,No,No,40332,No,2.92,0,2
A001272,EMP1042,D0001,No,No,69043,Yes,3,2,2
A001273,EMP1042,D0002,No,No,75646,No,3.08,2,2
A001274,EMP1042,D0003,No,No,66853,Yes,3.17,2,2
A001275,EMP1042,D0004,No,No,72120,No,3.25,2,2
A001276,EMP1042,D0005,No,No,72630,No,3.33,2,2
A001277,EMP1042,D0006,No,No,72891,Yes,3.42,2,2
A001278,EMP1042,D0007,No,No,67716,No,3.5,2,2
A001279,EMP1042,D0008,No,No,75174,No,3.58,2,2
A001280,EMP1042,D0009,No,No,68270,No,3.67,2,2
A001281,EMP1042,D0010,No,No,72295,No,3.75,2,2
A001282,EMP1042,D0011,No,No,68648,No,3.83,2,2
A001283,EMP1042,D0012,No,No,69419,No,3.92,2,2
A001284,EMP1042,D0013,Yes,Yes,71600,No,4,2,2
A001285,EMP1043,D0001,No,No,57556,No,3,0,3
A001286,EMP1043,D0002,No,No,60852,No,3.08,0,3
A001287,EMP1043,D0003,No,No,57527,No,3.17,0,3
A001288,EMP1043,D0004,No,No,62330,No,3.25,0,3
A001289,EMP1043,D0005,No,No,58311,No,3.33,0,3
A001290,EMP1043,D0006,No,No,59640,No,3.42,0,3
A001291,EMP1043,D0007,No,No,55851,No,3.5,0,3
A001292,EMP1043,D0008,No,No,58701,No,3.58,0,3
A001293,EMP1043,D0009,No,No,61785,No,3.67,0,3
A001294,EMP1043,D0010,No,No,61582,No,3.75,0,3
A001295,EMP1043,D0011,No,No,57169,No,3.83,0,3
A001296,EMP1043,D0012,No,No,57183,No,3.92,0,3
A001297,EMP1043,D0013,No,No,61670,No,4,0,3
A001298,EMP1043,D0014,No,No,62529,No,4.08,0,3
A001299,EMP1043,D0015,No,No,56191,No,4.17,0,3
A001300,EMP1043,D0016,No,No,58883,No,4.25,0,3
A001301,EMP1043,D0017,No,No,58028,No,4.33,0,3
A001302,EMP1043,D0018,No,No,62076,No,4.42,0,3
A001303,EMP1043,D0019,No,No,56101,No,4.5,0,3
A001304,EMP1043,D0020,No,No,57069,Yes,4.58,0,3
A001305,EMP1043,D0021,No,No,61178,No,4.67,0,3
A001306,EMP1043,D0022,No,No,55856,No,4.75,0,3
A001307,EMP1043,D0023,No,No,59205,No,4.83,0,3
A001308,EMP1043,D0024,No,No,58822,No,4.92,0,3
A001309,EMP1043,D0025,No,No,58005,No,5,1,5
A001310,EMP1043,D0026,No,No,58462,No,5.08,1,5
A001311,EMP1043,D0027,No,No,59489,No,5.17,1,5
A001312,EMP1043,D0028,No,No,56692,No,5.25,1,5
A001313,EMP1043,D0029,No,No,59808,No,5.33,1,5
A001314,EMP1043,D0030,No,No,61580,No,5.42,1,5
A001315,EMP1043,D0031,No,No,61237,No,5.5,1,5
A001316,EMP1043,D0032,No,No,56635,No,5.58,1,5
A001317,EMP1043,D0033,No,No,56600,No,5.67,1,5
A001318,EMP1043,D0034,No,No,57502,No,5.75,1,5
A001319,EMP1043,D0035,No,No,58207,No,5.83,1,5
A001320,EMP1043,D0036,No,No,58567,No,5.92,1,5
A001321,EMP1044,D0033,No,No,54285,Yes,0.67,1,4
A001322,EMP1044,D0034,No,No,50869,No,0.75,1,4
A001323,EMP1044,D0035,No,No,53908,No,0.83,1,4
A001324,EMP1044,D0036,No,No,51320,No,0.92,1,4
A001325,EMP1045,D0023,No,No,75289,No,0.83,0,3
A001326,EMP1045,D0024,No,No,71509,No,0.92,0,3
A001327,EMP1045,D0025,No,No,69722,No,1,3,2
A001328,EMP1045,D0026,No,No,78321,No,1.08,3,2
A001329,EMP1045,D0027,No,No,70429,No,1.17,3,2
A001330,EMP1045,D0028,No,No,78282,No,1.25,3,2
A001331,EMP1045,D0029,No,No,78177,No,1.33,3,2
A001332,EMP1045,D0030,No,No,76446,No,1.42,3,2
A001333,EMP1045,D0031,No,No,75178,No,1.5,3,2
A001334,EMP1045,D0032,No,No,74408,No,1.58,3,2
A001335,EMP1045,D0033,No,No,77128,No,1.67,3,2
A001336,EMP1045,D0034,No,No,71686,No,1.75,3,2
A001337,EMP1045,D0035,No,No,73368,No,1.83,3,2
A001338,EMP1045,D0036,No,No,74800,No,1.92,3,2
A001339,EMP1046,D0001,No,No,66546,No,6,3,4
A001340,EMP1046,D0002,No,No,62728,No,6.08,3,4
A001341,EMP1046,D0003,No,No,65988,No,6.17,3,4
A001342,EMP1046,D0004,No,No,67001,No,6.25,3,4
A001343,EMP1046,D0005,No,No,62606,No,6.33,3,4
A001344,EMP1046,D0006,No,No,61285,No,6.42,3,4
A001345,EMP1046,D0007,No,No,61876,No,6.5,3,4
A001346,EMP1046,D0008,No,No,65827,No,6.58,3,4
A001347,EMP1046,D0009,No,No,67852,No,6.67,3,4
A001348,EMP1046,D0010,No,No,61161,No,6.75,3,4
A001349,EMP1046,D0011,No,No,66893,No,6.83,3,4
A001350,EMP1046,D0012,No,No,63626,No,6.92,3,4
A001351,EMP1046,D0013,No,No,64767,No,7,0,4
A001352,EMP1046,D0014,No,No,68513,No,7.08,0,4
A001353,EMP1046,D0015,No,No,63548,No,7.17,0,4
A001354,EMP1046,D0016,No,No,64657,No,7.25,0,4
A001355,EMP1046,D0017,No,No,60900,No,7.33,0,4
A001356,EMP1046,D0018,No,No,61465,No,7.42,0,4
A001357,EMP1046,D0019,No,No,62938,No,7.5,0,4
A001358,EMP1046,D0020,No,No,61018,No,7.58,0,4
A001359,EMP1046,D0021,No,No,66039,Yes,7.67,0,4
A001360,EMP1046,D0022,No,No,64333,No,7.75,0,4
A001361,EMP1046,D0023,No,No,65346,No,7.83,0,4
A001362,EMP1046,D0024,No,No,62239,No,7.92,0,4
A001363,EMP1046,D0025,No,No,63248,No,8,2,4
A001364,EMP1046,D0026,No,No,66308,No,8.08,2,4
A001365,EMP1046,D0027,No,No,68816,No,8.17,2,4
A001366,EMP1046,D0028,No,No,61206,No,8.25,2,4
A001367,EMP1046,D0029,No,No,68193,Yes,8.33,2,4
A001368,EMP1046,D0030,No,No,65585,No,8.42,2,4
A001369,EMP1046,D0031,No,No,65477,No,8.5,2,4
A001370,EMP1046,D0032,No,No,64948,No,8.58,2,4
A001371,EMP1046,D0033,No,No,61364,No,8.67,2,4
A001372,EMP1046,D0034,No,No,61534,No,8.75,2,4
A001373,EMP1046,D0035,No,No,65785,No,8.83,2,4
A001374,EMP1046,D0036,No,No,63623,No,8.92,2,4
A001375,EMP1047,D0001,No,No,170775,No,4,2,3
A001376,EMP1047,D0002,No,No,163204,Yes,4.08,2,3
A001377,EMP1047,D0003,No,No,161029,No,4.17,2,3
A001378,EMP1047,D0004,No,No,155885,No,4.25,2,3
A001379,EMP1047,D0005,No,No,167115,Yes,4.33,2,3
A001380,EMP1047,D0006,No,No,173735,No,4.42,2,3
A001381,EMP1047,D0007,No,No,176002,No,4.5,2,3
A001382,EMP1047,D0008,No,No,167657,No,4.58,2,3
A001383,EMP1047,D0009,No,No,166565,Yes,4.67,2,3
A001384,EMP1047,D0010,No,No,157421,No,4.75,2,3
A001385,EMP1047,D0011,No,No,167298,No,4.83,2,3
A001386,EMP1047,D0012,No,No,163702,No,4.92,2,3
A001387,EMP1047,D0013,No,No,168539,No,5,3,3
A001388,EMP1047,D0014,No,No,163888,No,5.08,3,3
A001389,EMP1047,D0015,No,No,160727,No,5.17,3,3
A001390,EMP1047,D0016,No,No,157632,No,5.25,3,3
A001391,EMP1047,D0017,No,No,162316,No,5.33,3,3
A001392,EMP1047,D0018,No,No,157668,No,5.42,3,3
A001393,EMP1047,D0019,No,No,159377,No,5.5,3,3
A001394,EMP1047,D0020,No,No,176635,No,5.58,3,3
A001395,EMP1047,D0021,No,No,165067,Yes,5.67,3,3
A001396,EMP1047,D0022,No,No,166936,No,5.75,3,3
A001397,EMP1047,D0023,No,No,174213,No,5.83,3,3
A001398,EMP1047,D0024,No,No,176810,No,5.92,3,3
A001399,EMP1047,D0025,No,No,168019,No,6,1,3
A001400,EMP1047,D0026,No,No,172911,No,6.08,1,3
A001401,EMP1047,D0027,No,No,162572,No,6.17,1,3
A001402,EMP1047,D0028,No,No,162121,Yes,6.25,1,3
A001403,EMP1047,D0029,No,No,164185,No,6.33,1,3
A001404,EMP1047,D0030,No,No,169931,No,6.42,1,3
A001405,EMP1047,D0031,No,No,170137,No,6.5,1,3
A001406,EMP1047,D0032,No,No,162323,No,6.58,1,3
A001407,EMP1047,D0033,No,No,158447,No,6.67,1,3
A001408,EMP1047,D0034,No,No,169077,No,6.75,1,3
A001409,EMP1047,D0035,No,No,158343,No,6.83,1,3
A001410,EMP1047,D0036,No,No,167929,Yes,6.92,1,3
A001411,EMP1048,D0001,No,No,108629,No,3,1,3
A001412,EMP1048,D0002,No,No,110654,No,3.08,1,3
A001413,EMP1048,D0003,No,No,105624,No,3.17,1,3
A001414,EMP1048,D0004,No,No,109425,No,3.25,1,3
A001415,EMP1048,D0005,No,No,107019,No,3.33,1,3
A001416,EMP1048,D0006,No,No,103216,No,3.42,1,3
A001417,EMP1048,D0007,No,No,110262,No,3.5,1,3
A001418,EMP1048,D0008,No,No,108262,No,3.58,1,3
A001419,EMP1048,D0009,No,No,105538,No,3.67,1,3
A001420,EMP1048,D0010,No,No,113147,No,3.75,1,3
A001421,EMP1048,D0011,No,No,100890,No,3.83,1,3
A001422,EMP1048,D0012,No,No,104949,No,3.92,1,3
A001423,EMP1048,D0013,No,No,101384,No,4,0,4
A001424,EMP1048,D0014,No,No,111154,No,4.08,0,4
A001425,EMP1048,D0015,No,No,110267,Yes,4.17,0,4
A001426,EMP1048,D0016,No,No,105163,No,4.25,0,4
A001427,EMP1048,D0017,No,No,109903,No,4.33,0,4
A001428,EMP1048,D0018,No,No,106052,No,4.42,0,4
A001429,EMP1048,D0019,No,No,111012,No,4.5,0,4
A001430,EMP1048,D0020,No,No,106854,No,4.58,0,4
A001431,EMP1048,D0021,No,No,106277,No,4.67,0,4
A001432,EMP1048,D0022,No,No,113469,No,4.75,0,4
A001433,EMP1048,D0023,No,No,104055,Yes,4.83,0,4
A001434,EMP1048,D0024,No,No,102260,No,4.92,0,4
A001435,EMP1048,D0025,No,No,108649,Yes,5,1,4
A001436,EMP1048,D0026,No,No,113946,No,5.08,1,4
A001437,EMP1048,D0027,No,No,105803,No,5.17,1,4
A001438,EMP1048,D0028,No,No,101455,No,5.25,1,4
A001439,EMP1048,D0029,No,No,105272,No,5.33,1,4
A001440,EMP1048,D0030,No,No,107566,No,5.42,1,4
A001441,EMP1048,D0031,No,No,102831,No,5.5,1,4
A001442,EMP1048,D0032,No,No,109661,No,5.58,1,4
A001443,EMP1048,D0033,No,No,114337,No,5.67,1,4
A001444,EMP1048,D0034,No,No,106820,No,5.75,1,4
A001445,EMP1048,D0035,No,No,105485,No,5.83,1,4
A001446,EMP1048,D0036,No,No,106118,Yes,5.92,1,4
A001447,EMP1049,D0012,No,No,43865,No,0.92,1,3
A001448,EMP1049,D0013,No,No,45401,No,1,1,3
A001449,EMP1049,D0014,No,No,43764,No,1.08,1,3
A001450,EMP1049,D0015,No,No,42479,No,1.17,1,3
A001451,EMP1049,D0016,No,No,45019,No,1.25,1,3
A001452,EMP1049,D0017,No,No,43560,No,1.33,1,3
A001453,EMP1049,D0018,No,No,41001,No,1.42,1,3
A001454,EMP1049,D0019,No,No,43702,No,1.5,1,3
A001455,EMP1049,D0020,No,No,45601,No,1.58,1,3
A001456,EMP1049,D0021,No,No,42761,Yes,1.67,1,3
A001457,EMP1049,D0022,No,No,42206,No,1.75,1,3
A001458,EMP1049,D0023,No,No,41358,No,1.83,1,3
A001459,EMP1049,D0024,No,No,41402,No,1.92,1,3
A001460,EMP1049,D0025,No,No,42963,Yes,2,1,3
A001461,EMP1049,D0026,No,No,43868,No,2.08,1,3
A001462,EMP1049,D0027,No,No,41009,No,2.17,1,3
A001463,EMP1049,D0028,No,No,45776,Yes,2.25,1,3
A001464,EMP1049,D0029,No,No,44753,No,2.33,1,3
A001465,EMP1049,D0030,No,No,43817,No,2.42,1,3
A001466,EMP1049,D0031,No,No,45160,No,2.5,1,3
A001467,EMP1049,D0032,No,No,41006,No,2.58,1,3
A001468,EMP1049,D0033,No,No,43208,No,2.67,1,3
A001469,EMP1049,D0034,No,No,44059,No,2.75,1,3
A001470,EMP1049,D0035,No,No,45161,No,2.83,1,3
A001471,EMP1049,D0036,No,No,44910,No,2.92,1,3
A001472,EMP1050,D0001,No,No,31670,No,4,2,2
A001473,EMP1050,D0002,No,No,30713,No,4.08,2,2
A001474,EMP1050,D0003,No,No,31773,No,4.17,2,2
A001475,EMP1050,D0004,No,No,31013,No,4.25,2,2
A001476,EMP1050,D0005,No,No,31610,No,4.33,2,2
A001477,EMP1050,D0006,No,No,30884,No,4.42,2,2
A001478,EMP1050,D0007,No,No,30164,No,4.5,2,2
A001479,EMP1050,D0008,No,No,32288,No,4.58,2,2
A001480,EMP1050,D0009,No,No,30660,No,4.67,2,2
A001481,EMP1050,D0010,No,No,30910,No,4.75,2,2
A001482,EMP1050,D0011,No,No,29408,No,4.83,2,2
A001483,EMP1050,D0012,No,No,30990,Yes,4.92,2,2
A001484,EMP1050,D0013,No,No,30779,No,5,2,3
A001485,EMP1050,D0014,No,No,29268,No,5.08,2,3
A001486,EMP1050,D0015,No,No,28779,No,5.17,2,3
A001487,EMP1050,D0016,No,No,30907,No,5.25,2,3
A001488,EMP1050,D0017,No,No,31529,Yes,5.33,2,3
A001489,EMP1050,D0018,No,No,30591,No,5.42,2,3
A001490,EMP1050,D0019,No,No,29432,No,5.5,2,3
A001491,EMP1050,D0020,No,No,31150,No,5.58,2,3
A001492,EMP1050,D0021,No,No,28859,No,5.67,2,3
A001493,EMP1050,D0022,No,No,30272,No,5.75,2,3
A001494,EMP1050,D0023,No,No,29184,No,5.83,2,3
A001495,EMP1050,D0024,No,No,29267,No,5.92,2,3
A001496,EMP1050,D0025,No,No,29336,No,6,0,4
A001497,EMP1050,D0026,No,No,30057,No,6.08,0,4
A001498,EMP1050,D0027,No,No,28746,No,6.17,0,4
A001499,EMP1050,D0028,No,No,30100,No,6.25,0,4
A001500,EMP1050,D0029,No,No,30545,No,6.33,0,4
A001501,EMP1050,D0030,No,No,30434,No,6.42,0,4
A001502,EMP1050,D0031,No,No,30042,No,6.5,0,4
A001503,EMP1050,D0032,No,No,31824,No,6.58,0,4
A001504,EMP1050,D0033,No,No,29114,No,6.67,0,4
A001505,EMP1050,D0034,No,No,30522,Yes,6.75,0,4
A001506,EMP1050,D0035,No,No,28789,No,6.83,0,4
A001507,EMP1050,D0036,No,No,28824,No,6.92,0,4
A001508,EMP1051,D0001,No,No,36168,No,6,0,2
A001509,EMP1051,D0002,No,No,35419,No,6.08,0,2
A001510,EMP1051,D0003,No,No,35047,No,6.17,0,2
A001511,EMP1051,D0004,No,No,39109,No,6.25,0,2
A001512,EMP1051,D0005,No,No,37418,No,6.33,0,2
A001513,EMP1051,D0006,No,No,38029,No,6.42,0,2
A001514,EMP1051,D0007,No,No,36074,No,6.5,0,2
A001515,EMP1051,D0008,No,No,36442,No,6.58,0,2
A001516,EMP1051,D0009,No,No,35702,No,6.67,0,2
A001517,EMP1051,D0010,No,No,35040,No,6.75,0,2
A001518,EMP1051,D0011,No,No,35428,No,6.83,0,2
A001519,EMP1051,D0012,No,No,38355,No,6.92,0,2
A001520,EMP1051,D0013,No,No,37788,No,7,0,2
A001521,EMP1051,D0014,No,No,37169,No,7.08,0,2
A001522,EMP1051,D0015,No,No,36829,No,7.17,0,2
A001523,EMP1051,D0016,No,No,38946,No,7.25,0,2
A001524,EMP1051,D0017,No,No,34925,No,7.33,0,2
A001525,EMP1051,D0018,No,No,35909,Yes,7.42,0,2
A001526,EMP1051,D0019,No,No,36237,No,7.5,0,2
A001527,EMP1051,D0020,No,No,38284,No,7.58,0,2
A001528,EMP1051,D0021,No,No,39278,No,7.67,0,2
A001529,EMP1051,D0022,No,No,35720,No,7.75,0,2
A001530,EMP1051,D0023,No,No,38719,No,7.83,0,2
A001531,EMP1051,D0024,No,No,38512,No,7.92,0,2
A001532,EMP1051,D0025,No,No,35644,No,8,2,3
A001533,EMP1051,D0026,No,No,36471,No,8.08,2,3
A001534,EMP1051,D0027,No,No,36520,No,8.17,2,3
A001535,EMP1051,D0028,No,No,39210,No,8.25,2,3
A001536,EMP1051,D0029,No,No,35437,No,8.33,2,3
A001537,EMP1051,D0030,No,No,38363,No,8.42,2,3
A001538,EMP1051,D0031,No,No,36163,No,8.5,2,3
A001539,EMP1051,D0032,No,No,38040,No,8.58,2,3
A001540,EMP1051,D0033,No,No,36569,No,8.67,2,3
A001541,EMP1051,D0034,No,No,37318,No,8.75,2,3
A001542,EMP1051,D0035,No,No,38521,No,8.83,2,3
A001543,EMP1051,D0036,No,No,38387,No,8.92,2,3
A001544,EMP1052,D0001,No,No,47009,No,7,3,3
A001545,EMP1052,D0002,No,No,49703,No,7.08,3,3
A001546,EMP1052,D0003,No,No,48911,No,7.17,3,3
A001547,EMP1052,D0004,No,No,50332,Yes,7.25,3,3
A001548,EMP1052,D0005,No,No,49952,No,7.33,3,3
A001549,EMP1052,D0006,No,No,49176,No,7.42,3,3
A001550,EMP1052,D0007,No,No,48419,No,7.5,3,3
A001551,EMP1052,D0008,No,No,46214,No,7.58,3,3
A001552,EMP1052,D0009,No,No,47010,No,7.67,3,3
A001553,EMP1052,D0010,No,No,47990,Yes,7.75,3,3
A001554,EMP1052,D0011,No,No,49109,No,7.83,3,3
A001555,EMP1052,D0012,No,No,48577,No,7.92,3,3
A001556,EMP1052,D0013,No,No,47176,No,8,0,3
A001557,EMP1052,D0014,No,No,45427,No,8.08,0,3
A001558,EMP1052,D0015,No,No,48469,No,8.17,0,3
A001559,EMP1052,D0016,No,No,47161,No,8.25,0,3
A001560,EMP1052,D0017,No,No,49949,No,8.33,0,3
A001561,EMP1052,D0018,No,No,45535,No,8.42,0,3
A001562,EMP1052,D0019,No,No,49019,No,8.5,0,3
A001563,EMP1052,D0020,No,No,51234,No,8.58,0,3
A001564,EMP1052,D0021,No,No,46470,No,8.67,0,3
A001565,EMP1052,D0022,No,No,48316,Yes,8.75,0,3
A001566,EMP1052,D0023,No,No,45954,Yes,8.83,0,3
A001567,EMP1052,D0024,No,No,49273,No,8.92,0,3
A001568,EMP1052,D0025,No,No,48806,No,9,0,4
A001569,EMP1052,D0026,No,No,47917,Yes,9.08,0,4
A001570,EMP1052,D0027,No,No,48625,No,9.17,0,4
A001571,EMP1052,D0028,No,No,50955,No,9.25,0,4
A001572,EMP1052,D0029,No,No,46606,Yes,9.33,0,4
A001573,EMP1052,D0030,No,No,45527,Yes,9.42,0,4
A001574,EMP1052,D0031,No,No,50738,No,9.5,0,4
A001575,EMP1052,D0032,No,No,48971,No,9.58,0,4
A001576,EMP1052,D0033,No,No,50918,No,9.67,0,4
A001577,EMP1052,D0034,No,No,49094,No,9.75,0,4
A001578,EMP1052,D0035,No,No,50418,Yes,9.83,0,4
A001579,EMP1052,D0036,No,No,48055,No,9.92,0,4
A001580,EMP1053,D0001,No,No,48955,No,6,0,3
A001581,EMP1053,D0002,No,No,43989,No,6.08,0,3
A001582,EMP1053,D0003,No,No,45076,No,6.17,0,3
A001583,EMP1053,D0004,No,No,49060,No,6.25,0,3
A001584,EMP1053,D0005,No,No,45226,No,6.33,0,3
A001585,EMP1053,D0006,No,No,45014,No,6.42,0,3
A001586,EMP1053,D0007,No,No,44520,No,6.5,0,3
A001587,EMP1053,D0008,No,No,48832,No,6.58,0,3
A001588,EMP1053,D0009,No,No,46685,No,6.67,0,3
A001589,EMP1053,D0010,No,No,47730,No,6.75,0,3
A001590,EMP1053,D0011,No,No,45124,No,6.83,0,3
A001591,EMP1053,D0012,No,No,48227,No,6.92,0,3
A001592,EMP1053,D0013,No,No,48239,No,7,2,3
A001593,EMP1053,D0014,No,No,45564,No,7.08,2,3
A001594,EMP1053,D0015,No,No,46150,No,7.17,2,3
A001595,EMP1053,D0016,No,No,44948,No,7.25,2,3
A001596,EMP1053,D0017,No,No,49534,No,7.33,2,3
A001597,EMP1053,D0018,No,No,47555,No,7.42,2,3
A001598,EMP1053,D0019,No,No,49283,No,7.5,2,3
A001599,EMP1053,D0020,No,No,45509,No,7.58,2,3
A001600,EMP1053,D0021,No,No,48370,Yes,7.67,2,3
A001601,EMP1053,D0022,No,No,48274,No,7.75,2,3
A001602,EMP1053,D0023,No,No,47830,No,7.83,2,3
A001603,EMP1053,D0024,No,No,49468,No,7.92,2,3
A001604,EMP1053,D0025,No,No,46048,No,8,0,4
A001605,EMP1053,D0026,No,No,44476,No,8.08,0,4
A001606,EMP1053,D0027,No,No,47711,No,8.17,0,4
A001607,EMP1053,D0028,No,No,48055,No,8.25,0,4
A001608,EMP1053,D0029,No,No,47133,No,8.33,0,4
A001609,EMP1053,D0030,No,No,44931,No,8.42,0,4
A001610,EMP1053,D0031,No,No,46711,No,8.5,0,4
A001611,EMP1053,D0032,No,No,45561,No,8.58,0,4
A001612,EMP1053,D0033,No,No,46251,No,8.67,0,4
A001613,EMP1053,D0034,No,No,47553,No,8.75,0,4
A001614,EMP1053,D0035,No,No,48150,No,8.83,0,4
A001615,EMP1053,D0036,No,No,45083,No,8.92,0,4
A001616,EMP1054,D0036,No,No,45781,No,0.92,1,3
A001617,EMP1055,D0001,No,No,35957,No,4,1,3
A001618,EMP1055,D0002,No,No,37528,No,4.08,1,3
A001619,EMP1055,D0003,No,No,37949,No,4.17,1,3
A001620,EMP1055,D0004,No,No,38232,No,4.25,1,3
A001621,EMP1055,D0005,No,No,38862,No,4.33,1,3
A001622,EMP1055,D0006,No,No,35883,No,4.42,1,3
A001623,EMP1055,D0007,No,No,38452,No,4.5,1,3
A001624,EMP1055,D0008,No,No,35029,Yes,4.58,1,3
A001625,EMP1055,D0009,No,No,37729,No,4.67,1,3
A001626,EMP1055,D0010,No,No,37903,No,4.75,1,3
A001627,EMP1055,D0011,No,No,37600,No,4.83,1,3
A001628,EMP1055,D0012,No,No,35597,No,4.92,1,3
A001629,EMP1055,D0013,No,No,38520,No,5,0,4
A001630,EMP1055,D0014,No,No,35204,No,5.08,0,4
A001631,EMP1055,D0015,No,No,34662,No,5.17,0,4
A001632,EMP1055,D0016,No,No,37787,No,5.25,0,4
A001633,EMP1055,D0017,No,No,36648,No,5.33,0,4
A001634,EMP1055,D0018,No,No,38407,No,5.42,0,4
A001635,EMP1055,D0019,No,No,36214,No,5.5,0,4
A001636,EMP1055,D0020,No,No,35202,No,5.58,0,4
A001637,EMP1055,D0021,No,No,38348,No,5.67,0,4
A001638,EMP1055,D0022,No,No,36994,No,5.75,0,4
A001639,EMP1055,D0023,No,No,35300,No,5.83,0,4
A001640,EMP1055,D0024,No,No,37801,No,5.92,0,4
A001641,EMP1055,D0025,No,No,36816,No,6,3,1
A001642,EMP1055,D0026,No,No,37255,No,6.08,3,1
A001643,EMP1055,D0027,No,No,36579,No,6.17,3,1
A001644,EMP1055,D0028,No,No,38311,No,6.25,3,1
A001645,EMP1055,D0029,No,No,38315,No,6.33,3,1
A001646,EMP1055,D0030,No,No,37749,Yes,6.42,3,1
A001647,EMP1055,D0031,No,No,34905,No,6.5,3,1
A001648,EMP1055,D0032,No,No,38359,No,6.58,3,1
A001649,EMP1055,D0033,No,No,37569,No,6.67,3,1
A001650,EMP1055,D0034,No,No,37691,No,6.75,3,1
A001651,EMP1055,D0035,No,No,36118,No,6.83,3,1
A001652,EMP1055,D0036,No,No,38549,No,6.92,3,1
A001653,EMP1056,D0001,No,No,178915,No,3,1,3
A001654,EMP1056,D0002,No,No,175140,No,3.08,1,3
A001655,EMP1056,D0003,No,No,170082,No,3.17,1,3
A001656,EMP1056,D0004,No,No,170942,No,3.25,1,3
A001657,EMP1056,D0005,No,No,166509,No,3.33,1,3
A001658,EMP1056,D0006,No,No,177416,Yes,3.42,1,3
A001659,EMP1056,D0007,No,No,172149,No,3.5,1,3
A001660,EMP1056,D0008,No,No,167922,No,3.58,1,3
A001661,EMP1056,D0009,No,No,173980,No,3.67,1,3
A001662,EMP1056,D0010,No,No,182778,No,3.75,1,3
A001663,EMP1056,D0011,No,No,170441,No,3.83,1,3
A001664,EMP1056,D0012,No,No,181126,No,3.92,1,3
A001665,EMP1056,D0013,No,No,168454,No,4,3,3
A001666,EMP1056,D0014,No,No,162064,No,4.08,3,3
A001667,EMP1056,D0015,No,No,165356,No,4.17,3,3
A001668,EMP1056,D0016,No,No,170076,No,4.25,3,3
A001669,EMP1056,D0017,No,No,165694,No,4.33,3,3
A001670,EMP1056,D0018,No,No,160865,No,4.42,3,3
A001671,EMP1056,D0019,No,No,181001,No,4.5,3,3
A001672,EMP1056,D0020,No,No,179436,No,4.58,3,3
A001673,EMP1056,D0021,No,No,177199,No,4.67,3,3
A001674,EMP1056,D0022,No,No,164554,No,4.75,3,3
A001675,EMP1056,D0023,No,No,163509,Yes,4.83,3,3
A001676,EMP1056,D0024,No,No,162348,No,4.92,3,3
A001677,EMP1056,D0025,No,No,176797,No,5,3,3
A001678,EMP1056,D0026,No,No,181305,No,5.08,3,3
A001679,EMP1056,D0027,No,No,170337,Yes,5.17,3,3
A001680,EMP1056,D0028,No,No,163482,No,5.25,3,3
A001681,EMP1056,D0029,No,No,172139,No,5.33,3,3
A001682,EMP1056,D0030,No,No,168538,No,5.42,3,3
A001683,EMP1056,D0031,No,No,169110,No,5.5,3,3
A001684,EMP1056,D0032,No,No,174537,No,5.58,3,3
A001685,EMP1056,D0033,No,No,176680,No,5.67,3,3
A001686,EMP1056,D0034,No,No,163294,Yes,5.75,3,3
A001687,EMP1056,D0035,No,No,161643,No,5.83,3,3
A001688,EMP1056,D0036,No,No,182747,No,5.92,3,3
A001689,EMP1057,D0001,No,No,60373,No,6,2,3
A001690,EMP1057,D0002,No,No,61346,No,6.08,2,3
A001691,EMP1057,D0003,No,No,64362,No,6.17,2,3
A001692,EMP1057,D0004,No,No,62199,Yes,6.25,2,3
A001693,EMP1057,D0005,No,No,63231,No,6.33,2,3
A001694,EMP1057,D0006,No,No,62899,No,6.42,2,3
A001695,EMP1057,D0007,No,No,66984,Yes,6.5,2,3
A001696,EMP1057,D0008,No,No,67224,No,6.58,2,3
A001697,EMP1057,D0009,No,No,63849,No,6.67,2,3
A001698,EMP1057,D0010,No,No,62517,No,6.75,2,3
A001699,EMP1057,D0011,No,No,60689,No,6.83,2,3
A001700,EMP1057,D0012,No,No,67618,No,6.92,2,3
A001701,EMP1057,D0013,No,No,60307,No,7,3,3
A001702,EMP1057,D0014,No,No,62251,No,7.08,3,3
A001703,EMP1057,D0015,No,No,62254,No,7.17,3,3
A001704,EMP1057,D0016,No,No,62437,No,7.25,3,3
A001705,EMP1057,D0017,No,No,61159,No,7.33,3,3
A001706,EMP1057,D0018,No,No,66225,No,7.42,3,3
A001707,EMP1057,D0019,No,No,60817,No,7.5,3,3
A001708,EMP1057,D0020,No,No,65011,No,7.58,3,3
A001709,EMP1057,D0021,No,No,60828,No,7.67,3,3
A001710,EMP1057,D0022,No,No,60392,No,7.75,3,3
A001711,EMP1057,D0023,No,No,67258,No,7.83,3,3
A001712,EMP1057,D0024,No,No,61371,No,7.92,3,3
A001713,EMP1057,D0025,No,No,66537,No,8,2,3
A001714,EMP1057,D0026,No,No,64272,No,8.08,2,3
A001715,EMP1057,D0027,No,No,60452,No,8.17,2,3
A001716,EMP1057,D0028,No,No,67635,No,8.25,2,3
A001717,EMP1057,D0029,No,No,61836,No,8.33,2,3
A001718,EMP1057,D0030,No,No,66851,No,8.42,2,3
A001719,EMP1057,D0031,No,No,61196,No,8.5,2,3
A001720,EMP1057,D0032,No,No,66804,No,8.58,2,3
A001721,EMP1057,D0033,No,No,59923,Yes,8.67,2,3
A001722,EMP1057,D0034,No,No,64003,No,8.75,2,3
A001723,EMP1057,D0035,No,No,66112,No,8.83,2,3
A001724,EMP1057,D0036,No,No,67466,No,8.92,2,3
A001725,EMP1058,D0036,No,No,52615,No,0.92,3,3
A001726,EMP1059,D0001,No,No,58715,No,1,3,2
A001727,EMP1059,D0002,No,No,55492,No,1.08,3,2
A001728,EMP1059,D0003,No,No,55151,Yes,1.17,3,2
A001729,EMP1059,D0004,No,No,61012,No,1.25,3,2
A001730,EMP1059,D0005,No,No,60861,No,1.33,3,2
A001731,EMP1059,D0006,No,No,60638,No,1.42,3,2
A001732,EMP1059,D0007,No,No,58699,No,1.5,3,2
A001733,EMP1059,D0008,No,No,60052,No,1.58,3,2
A001734,EMP1059,D0009,No,No,54582,No,1.67,3,2
A001735,EMP1059,D0010,No,No,56548,No,1.75,3,2
A001736,EMP1059,D0011,No,No,56392,No,1.83,3,2
A001737,EMP1059,D0012,No,No,58774,No,1.92,3,2
A001738,EMP1059,D0013,No,No,56705,No,2,3,4
A001739,EMP1059,D0014,No,No,55170,No,2.08,3,4
A001740,EMP1059,D0015,No,No,58484,No,2.17,3,4
A001741,EMP1059,D0016,No,No,60097,No,2.25,3,4
A001742,EMP1059,D0017,No,No,56898,No,2.33,3,4
A001743,EMP1059,D0018,No,No,55050,No,2.42,3,4
A001744,EMP1059,D0019,No,No,55526,No,2.5,3,4
A001745,EMP1059,D0020,No,No,55828,No,2.58,3,4
A001746,EMP1059,D0021,No,No,56290,No,2.67,3,4
A001747,EMP1059,D0022,No,No,58827,No,2.75,3,4
A001748,EMP1059,D0023,No,No,58518,No,2.83,3,4
A001749,EMP1059,D0024,No,No,59221,No,2.92,3,4
A001750,EMP1059,D0025,No,No,56753,No,3,0,4
A001751,EMP1059,D0026,No,No,60168,No,3.08,0,4
A001752,EMP1059,D0027,No,No,55581,No,3.17,0,4
A001753,EMP1059,D0028,No,No,57542,No,3.25,0,4
A001754,EMP1059,D0029,No,No,59997,No,3.33,0,4
A001755,EMP1059,D0030,No,No,55404,No,3.42,0,4
A001756,EMP1059,D0031,No,No,54884,No,3.5,0,4
A001757,EMP1059,D0032,No,No,60610,No,3.58,0,4
A001758,EMP1059,D0033,No,No,56608,No,3.67,0,4
A001759,EMP1059,D0034,No,No,59131,No,3.75,0,4
A001760,EMP1059,D0035,No,No,54259,No,3.83,0,4
A001761,EMP1059,D0036,No,No,59177,No,3.92,0,4
A001762,EMP1060,D0001,No,No,50358,No,1,1,3
A001763,EMP1060,D0002,No,No,48815,No,1.08,1,3
A001764,EMP1060,D0003,No,No,52164,No,1.17,1,3
A001765,EMP1060,D0004,No,No,53300,No,1.25,1,3
A001766,EMP1060,D0005,No,No,50090,No,1.33,1,3
A001767,EMP1060,D0006,No,No,49561,No,1.42,1,3
A001768,EMP1060,D0007,No,No,53574,No,1.5,1,3
A001769,EMP1060,D0008,No,No,50227,No,1.58,1,3
A001770,EMP1060,D0009,No,No,50513,No,1.67,1,3
A001771,EMP1060,D0010,No,No,49623,No,1.75,1,3
A001772,EMP1060,D0011,No,No,53238,No,1.83,1,3
A001773,EMP1060,D0012,No,No,51031,Yes,1.92,1,3
A001774,EMP1060,D0013,No,No,52283,No,2,2,2
A001775,EMP1060,D0014,No,No,52604,No,2.08,2,2
A001776,EMP1060,D0015,No,No,49560,No,2.17,2,2
A001777,EMP1060,D0016,No,No,50155,No,2.25,2,2
A001778,EMP1060,D0017,No,No,52842,No,2.33,2,2
A001779,EMP1060,D0018,No,No,49698,No,2.42,2,2
A001780,EMP1060,D0019,No,No,52488,No,2.5,2,2
A001781,EMP1060,D0020,No,No,53441,No,2.58,2,2
A001782,EMP1060,D0021,No,No,51382,No,2.67,2,2
A001783,EMP1060,D0022,No,No,52150,No,2.75,2,2
A001784,EMP1060,D0023,No,No,52561,No,2.83,2,2
A001785,EMP1060,D0024,No,No,52820,No,2.92,2,2
A001786,EMP1060,D0025,No,No,49904,No,3,1,3
A001787,EMP1060,D0026,No,No,47677,No,3.08,1,3
A001788,EMP1060,D0027,No,No,49948,No,3.17,1,3
A001789,EMP1060,D0028,No,No,51710,Yes,3.25,1,3
A001790,EMP1060,D0029,No,No,50262,No,3.33,1,3
A001791,EMP1060,D0030,No,No,52197,No,3.42,1,3
A001792,EMP1060,D0031,No,No,49658,No,3.5,1,3
A001793,EMP1060,D0032,No,No,51457,No,3.58,1,3
A001794,EMP1060,D0033,No,No,48553,No,3.67,1,3
A001795,EMP1060,D0034,No,No,52200,No,3.75,1,3
A001796,EMP1060,D0035,No,No,50880,No,3.83,1,3
A001797,EMP1060,D0036,No,No,48667,No,3.92,1,3